cwe,cve_id,lines,chars,dependency_count,pdg_success,has_data_flow
CWE-119,CVE-2014-3182,88,2802,43,True,True
CWE-119,CVE-2014-3182,57,2166,4,True,True
CWE-119,CVE-2013-7027,59,1832,0,True,False
CWE-119,CVE-2016-3134,109,2777,119,True,True
CWE-119,CVE-2016-3134,52,1373,11,True,True
CWE-119,CVE-2016-3134,14,388,9,True,True
CWE-119,CVE-2016-3134,104,2600,111,True,True
CWE-119,CVE-2016-3134,30,916,0,True,False
CWE-119,CVE-2016-3134,52,1377,11,True,True
CWE-119,CVE-2016-3134,30,906,0,True,False
CWE-119,CVE-2016-3134,109,2766,119,True,True
CWE-119,CVE-2013-1929,120,3694,117,True,True
CWE-119,CVE-2012-3364,26,657,0,True,False
CWE-119,CVE-2012-3364,13,368,0,True,False
CWE-119,CVE-2012-3364,35,1099,16,True,True
CWE-119,CVE-2018-10124,34,694,26,True,True
CWE-119,CVE-2017-15126,124,3383,62,True,True
CWE-119,CVE-2017-15126,51,1184,7,True,True
CWE-119,CVE-2016-7425,245,8007,222,True,True
CWE-119,CVE-2013-0310,136,3564,165,True,True
CWE-119,CVE-2016-4998,54,1494,11,True,True
CWE-119,CVE-2016-4998,76,2111,51,True,True
CWE-119,CVE-2016-4998,55,1458,11,True,True
CWE-119,CVE-2017-5548,28,863,3,True,True
CWE-119,CVE-2017-5548,16,402,5,True,True
CWE-119,CVE-2017-5548,12,352,2,True,True
CWE-119,CVE-2012-6712,64,1981,19,True,True
CWE-119,CVE-2012-6712,19,659,0,True,False
CWE-119,CVE-2017-16996,151,3909,45,True,True
CWE-119,CVE-2017-16996,133,4077,110,True,True
CWE-119,CVE-2013-2850,76,1551,61,True,True
CWE-119,CVE-2013-2850,29,778,10,True,True
CWE-119,CVE-2014-3184,9,268,0,True,False
CWE-119,CVE-2014-3184,95,2749,0,True,False
CWE-119,CVE-2014-3184,11,346,0,True,False
CWE-119,CVE-2014-3184,61,1894,0,True,False
CWE-119,CVE-2014-3184,12,378,0,True,False
CWE-119,CVE-2019-19602,4,158,0,True,False
CWE-119,CVE-2022-3636,74,1662,32,True,True
CWE-119,CVE-2018-7740,107,3109,67,True,True
CWE-119,CVE-2018-7740,52,1375,15,True,True
CWE-119,CVE-2018-8822,24,568,5,True,True
CWE-119,CVE-2022-3435,130,2804,86,True,True
CWE-119,CVE-2021-39633,4,144,0,True,False
CWE-119,CVE-2021-4157,22,517,12,True,True
CWE-119,CVE-2013-6381,52,1543,48,True,True
CWE-119,CVE-2014-6416,27,768,21,True,True
CWE-119,CVE-2014-6416,45,801,26,True,True
CWE-119,CVE-2014-0069,130,3260,180,True,True
CWE-119,CVE-2017-7895,57,1565,58,True,True
CWE-119,CVE-2017-7895,49,1297,55,True,True
CWE-119,CVE-2017-7895,53,1361,46,True,True
CWE-119,CVE-2015-1333,19,552,0,True,False
CWE-119,CVE-2021-3635,59,1185,17,True,True
CWE-119,CVE-2016-5829,118,3065,119,True,True
CWE-119,CVE-2013-4512,16,350,4,True,True
CWE-119,CVE-2017-18222,7,139,0,True,False
CWE-119,CVE-2017-18222,7,141,0,True,False
CWE-119,CVE-2017-18222,7,128,0,True,False
CWE-119,CVE-2017-18222,6,117,0,True,False
CWE-119,CVE-2013-4312,19,391,0,True,False
CWE-119,CVE-2013-4312,16,320,0,True,False
CWE-119,CVE-2017-8062,63,1460,0,True,False
CWE-119,CVE-2017-8062,106,3069,63,True,True
CWE-119,CVE-2013-2893,38,1054,6,True,True
CWE-119,CVE-2013-2893,173,5034,178,True,True
CWE-119,CVE-2013-2893,54,1395,34,True,True
CWE-119,CVE-2017-8068,12,361,5,True,True
CWE-119,CVE-2017-8068,12,348,5,True,True
CWE-119,CVE-2007-6762,25,669,7,True,True
CWE-119,CVE-2013-2899,35,1086,35,True,True
CWE-119,CVE-2017-17856,29,740,11,True,True
CWE-119,CVE-2013-1772,138,3144,123,True,True
CWE-119,CVE-2013-1772,7,159,0,True,False
CWE-119,CVE-2013-1772,8,250,0,True,False
CWE-119,CVE-2013-1772,26,556,16,True,True
CWE-119,CVE-2013-1772,39,899,44,True,True
CWE-119,CVE-2013-1772,151,4318,44,True,True
CWE-119,CVE-2013-1772,153,3554,142,True,True
CWE-119,CVE-2015-5156,199,5841,191,True,True
CWE-119,CVE-2021-4204,76,2136,30,True,True
CWE-119,CVE-2021-4204,257,7814,308,True,True
CWE-119,CVE-2021-4204,230,7172,323,True,True
CWE-119,CVE-2023-6560,53,1519,0,True,False
CWE-119,CVE-2011-4098,104,2525,131,True,True
CWE-119,CVE-2011-4098,128,3681,168,True,True
CWE-119,CVE-2011-4098,64,1402,75,True,True
CWE-119,CVE-2016-3955,36,738,14,True,True
CWE-119,CVE-2017-18379,25,759,0,True,False
CWE-119,CVE-2013-1773,91,1857,128,True,True
CWE-119,CVE-2013-1773,82,2075,45,True,True
CWE-119,CVE-2013-4588,142,3112,79,True,True
CWE-119,CVE-2013-4588,129,3360,83,True,True
CWE-119,CVE-2015-4036,39,1011,0,True,False
CWE-119,CVE-2015-4036,29,760,14,True,True
CWE-119,CVE-2013-0231,49,1284,48,True,True
CWE-119,CVE-2013-0231,33,845,11,True,True
CWE-119,CVE-2013-0309,4,84,0,True,False
CWE-119,CVE-2022-3625,8,229,0,True,False
CWE-119,CVE-2022-3625,8,229,0,True,False
CWE-119,CVE-2018-14615,62,1793,4,True,True
CWE-119,CVE-2013-4514,27,650,1,True,True
CWE-119,CVE-2011-5327,44,1265,0,True,False
CWE-119,CVE-2017-16534,134,3852,84,True,True
CWE-119,CVE-2017-18193,37,745,14,True,True
CWE-119,CVE-2016-8633,132,3282,175,True,True
CWE-119,CVE-2016-8633,64,1757,69,True,True
CWE-119,CVE-2022-3541,40,911,30,True,True
CWE-119,CVE-2017-1000253,445,12362,588,True,True
CWE-119,CVE-2013-2895,24,674,13,True,True
CWE-119,CVE-2014-0205,132,3608,74,True,True
CWE-119,CVE-2014-0205,11,224,0,True,False
CWE-119,CVE-2014-0205,6,140,0,True,False
CWE-119,CVE-2014-0205,13,258,0,True,False
CWE-119,CVE-2016-8658,230,6610,156,True,True
CWE-119,CVE-2022-3649,82,2111,0,True,False
CWE-119,CVE-2016-10764,73,1571,67,True,True
CWE-119,CVE-2022-3640,75,1586,27,True,True
CWE-119,CVE-2017-16526,9,245,0,True,False
CWE-119,CVE-2014-3183,30,766,19,True,True
CWE-119,CVE-2015-5283,182,5139,140,True,True
CWE-119,CVE-2015-5283,37,970,0,True,False
CWE-119,CVE-2016-1583,43,968,0,True,False
CWE-119,CVE-2013-1860,11,262,1,True,True
CWE-119,CVE-2013-1860,43,1023,5,True,True
CWE-119,CVE-2013-1860,99,2120,61,True,True
CWE-119,CVE-2014-8884,15,437,0,True,False
CWE-119,CVE-2013-2234,21,632,22,True,True
CWE-119,CVE-2018-12233,149,3790,84,True,True
CWE-119,CVE-2017-7541,101,3399,111,True,True
CWE-119,CVE-2014-2309,238,5325,239,True,True
CWE-119,CVE-2017-16913,87,2159,48,True,True
CWE-119,CVE-2017-5547,29,850,7,True,True
CWE-119,CVE-2017-5547,29,823,8,True,True
CWE-119,CVE-2016-8632,22,698,12,True,True
CWE-119,CVE-2016-8632,39,843,18,True,True
CWE-119,CVE-2016-8632,100,2540,121,True,True
CWE-119,CVE-2018-1120,62,1162,86,True,True
CWE-119,CVE-2018-1120,166,3245,296,True,True
CWE-119,CVE-2018-1120,43,1210,12,True,True
CWE-119,CVE-2021-22543,57,1392,23,True,True
CWE-119,CVE-2018-7566,84,2214,55,True,True
CWE-119,CVE-2018-20855,355,10446,225,True,True
CWE-119,CVE-2016-5728,93,2036,49,True,True
CWE-119,CVE-2018-1000199,44,1015,14,True,True
CWE-119,CVE-2006-3635,84,2030,5,True,True
CWE-119,CVE-2016-7042,94,2582,45,True,True
CWE-119,CVE-2022-3545,80,1908,0,True,False
CWE-119,CVE-2017-8069,6,231,0,True,False
CWE-119,CVE-2012-2119,70,1624,107,True,True
CWE-119,CVE-2015-2666,59,1459,50,True,True
CWE-119,CVE-2010-5332,47,1055,32,True,True
CWE-119,CVE-2010-5332,47,1131,34,True,True
CWE-119,CVE-2013-2890,66,1565,83,True,True
CWE-119,CVE-2023-21264,10,334,0,True,False
CWE-119,CVE-2017-8061,46,1124,55,True,True
CWE-119,CVE-2017-12762,26,556,0,True,False
CWE-119,CVE-2012-2137,62,1519,16,True,True
CWE-119,CVE-2007-6761,31,643,10,True,True
CWE-119,CVE-2014-3185,47,1733,34,True,True
CWE-119,CVE-2015-4002,67,2050,28,True,True
CWE-119,CVE-2017-7187,284,8324,403,True,True
CWE-119,CVE-2017-14497,239,6333,284,True,True
CWE-119,CVE-2013-2894,63,1814,60,True,True
CWE-119,CVE-2014-9728,278,8411,161,True,True
CWE-119,CVE-2009-2692,14,345,9,True,True
CWE-119,CVE-2016-6187,74,1948,93,True,True
CWE-119,CVE-2022-2964,61,1403,60,True,True
CWE-119,CVE-2014-3186,33,951,7,True,True
CWE-119,CVE-2016-9793,356,7734,157,True,True
CWE-119,CVE-2017-8063,25,586,7,True,True
CWE-119,CVE-2018-5848,35,923,20,True,True
CWE-119,CVE-2013-6382,49,1150,32,True,True
CWE-125,CVE-2014-7825,36,930,38,True,True
CWE-125,CVE-2014-7825,47,1252,55,True,True
CWE-125,CVE-2014-7825,38,1062,45,True,True
CWE-125,CVE-2020-28974,14,332,0,True,False
CWE-125,CVE-2017-9074,294,7099,452,True,True
CWE-125,CVE-2017-9074,101,2969,0,True,False
CWE-125,CVE-2017-9074,76,2094,0,True,False
CWE-125,CVE-2017-7277,41,908,28,True,True
CWE-125,CVE-2017-7277,17,471,0,True,False
CWE-125,CVE-2017-7277,46,1353,9,True,True
CWE-125,CVE-2019-15505,68,1325,19,True,True
CWE-125,CVE-2021-43389,26,496,4,True,True
CWE-125,CVE-2014-3180,22,460,10,True,True
CWE-125,CVE-2014-3180,34,718,0,True,False
CWE-125,CVE-2023-1380,75,2120,42,True,True
CWE-125,CVE-2023-39193,17,479,0,True,False
CWE-125,CVE-2017-16530,13,269,2,True,True
CWE-125,CVE-2017-16530,91,3027,23,True,True
CWE-125,CVE-2017-16530,12,255,5,True,True
CWE-125,CVE-2023-6121,77,2058,48,True,True
CWE-125,CVE-2023-6121,61,1463,56,True,True
CWE-125,CVE-2016-7915,51,1509,79,True,True
CWE-125,CVE-2020-0067,45,1093,47,True,True
CWE-125,CVE-2022-20132,135,3941,87,True,True
CWE-125,CVE-2022-20132,54,1781,13,True,True
CWE-125,CVE-2022-20132,296,8138,155,True,True
CWE-125,CVE-2022-20132,118,2996,73,True,True
CWE-125,CVE-2019-15927,150,4057,158,True,True
CWE-125,CVE-2021-3490,29,977,7,True,True
CWE-125,CVE-2021-3490,34,1158,8,True,True
CWE-125,CVE-2021-3490,35,1183,8,True,True
CWE-125,CVE-2020-35519,97,2317,28,True,True
CWE-125,CVE-2018-10877,76,1704,0,True,False
CWE-125,CVE-2022-1508,93,2745,87,True,True
CWE-125,CVE-2022-1508,97,2805,114,True,True
CWE-125,CVE-2019-15926,68,2064,73,True,True
CWE-125,CVE-2019-15926,57,1456,23,True,True
CWE-125,CVE-2019-15926,26,850,7,True,True
CWE-125,CVE-2021-29155,247,8233,288,True,True
CWE-125,CVE-2020-9383,19,365,9,True,True
CWE-125,CVE-2017-18344,16,510,0,True,False
CWE-125,CVE-2017-18344,37,1102,8,True,True
CWE-125,CVE-2018-13099,53,1364,9,True,True
CWE-125,CVE-2018-13099,56,1608,21,True,True
CWE-125,CVE-2019-15090,24,513,0,True,False
CWE-125,CVE-2019-15090,28,570,0,True,False
CWE-125,CVE-2019-15090,28,567,0,True,False
CWE-125,CVE-2021-0941,39,1365,14,True,True
CWE-125,CVE-2021-0941,29,862,8,True,True
CWE-125,CVE-2021-0941,47,1253,0,True,False
CWE-125,CVE-2014-3145,21,432,7,True,True
CWE-125,CVE-2014-3145,17,375,3,True,True
CWE-125,CVE-2018-20854,28,631,0,True,False
CWE-125,CVE-2023-34256,45,1412,64,True,True
CWE-125,CVE-2019-3459,53,1493,29,True,True
CWE-125,CVE-2020-28097,32,1051,12,True,True
CWE-125,CVE-2020-28097,189,5338,0,True,False
CWE-125,CVE-2018-19985,66,1216,32,True,True
CWE-125,CVE-2018-19985,90,2198,67,True,True
CWE-125,CVE-2020-14314,105,2963,0,True,False
CWE-125,CVE-2021-27364,223,6109,254,True,True
CWE-125,CVE-2015-9289,95,2506,16,True,True
CWE-125,CVE-2023-2176,28,969,9,True,True
CWE-125,CVE-2023-2176,57,1370,47,True,True
CWE-125,CVE-2023-2176,31,834,10,True,True
CWE-125,CVE-2017-7558,24,558,21,True,True
CWE-125,CVE-2017-7558,85,3158,50,True,True
CWE-125,CVE-2017-7558,22,520,17,True,True
CWE-125,CVE-2022-3170,14,321,16,True,True
CWE-125,CVE-2021-39711,56,1452,76,True,True
CWE-125,CVE-2020-0430,133,4061,127,True,True
CWE-125,CVE-2020-0430,150,4544,97,True,True
CWE-125,CVE-2021-4093,8,212,0,True,False
CWE-125,CVE-2021-4093,8,272,0,True,False
CWE-125,CVE-2022-48502,224,4681,238,True,True
CWE-125,CVE-2022-48502,60,1011,33,True,True
CWE-125,CVE-2022-48502,461,10906,0,True,False
CWE-125,CVE-2022-48502,205,4851,250,True,True
CWE-125,CVE-2022-48502,42,1099,7,True,True
CWE-125,CVE-2022-48502,499,13262,0,True,False
CWE-125,CVE-2022-48502,16,235,4,True,True
CWE-125,CVE-2023-3268,19,686,40,True,True
CWE-125,CVE-2016-10208,953,29183,507,True,True
CWE-125,CVE-2019-19449,169,5639,78,True,True
CWE-125,CVE-2018-1093,48,1547,44,True,True
CWE-125,CVE-2017-9984,25,667,6,True,True
CWE-125,CVE-2017-9984,25,780,12,True,True
CWE-125,CVE-2022-2785,9,211,0,True,False
CWE-125,CVE-2022-2785,49,1375,0,True,False
CWE-125,CVE-2017-16535,99,2269,90,True,True
CWE-125,CVE-2018-13098,14,370,0,True,False
CWE-125,CVE-2018-13098,65,1871,0,True,False
CWE-125,CVE-2020-13143,39,787,23,True,True
CWE-125,CVE-2023-38430,4,86,0,True,False
CWE-125,CVE-2023-38430,109,2604,43,True,True
CWE-125,CVE-2019-15925,22,488,17,True,True
CWE-125,CVE-2019-15925,73,1626,61,True,True
CWE-125,CVE-2017-8831,173,5168,157,True,True
CWE-125,CVE-2023-6606,83,2684,33,True,True
CWE-125,CVE-2023-1194,53,1585,0,True,False
CWE-125,CVE-2023-6040,89,2313,92,True,True
CWE-125,CVE-2017-5897,77,2044,66,True,True
CWE-125,CVE-2017-6347,15,363,6,True,True
CWE-125,CVE-2021-0605,45,1301,20,True,True
CWE-125,CVE-2017-17741,11,264,0,True,False
CWE-125,CVE-2017-17741,21,454,20,True,True
CWE-125,CVE-2017-17741,63,1578,22,True,True
CWE-125,CVE-2017-17741,27,635,31,True,True
CWE-125,CVE-2017-17741,6,182,0,True,False
CWE-125,CVE-2023-38428,35,1051,0,True,False
CWE-125,CVE-2019-15918,205,6892,105,True,True
CWE-125,CVE-2018-15471,30,810,5,True,True
CWE-125,CVE-2023-26607,108,3015,76,True,True
CWE-125,CVE-2021-45469,133,3059,144,True,True
CWE-125,CVE-2017-16529,84,2087,32,True,True
CWE-125,CVE-2022-47943,136,3692,121,True,True
CWE-125,CVE-2017-16533,71,2032,49,True,True
CWE-125,CVE-2021-3743,103,2384,122,True,True
CWE-125,CVE-2021-3753,33,573,5,True,True
CWE-125,CVE-2021-3753,202,4736,84,True,True
CWE-125,CVE-2019-15666,53,832,3,True,True
CWE-125,CVE-2022-47940,141,3855,112,True,True
CWE-125,CVE-2019-9245,38,799,22,True,True
CWE-125,CVE-2021-3444,350,10610,544,True,True
CWE-125,CVE-2016-9777,5,168,0,True,False
CWE-125,CVE-2023-39189,45,962,25,True,True
CWE-125,CVE-2019-9445,78,1884,89,True,True
CWE-125,CVE-2023-38426,27,817,15,True,True
CWE-125,CVE-2023-38426,808,21783,865,True,True
CWE-125,CVE-2016-7917,161,3836,164,True,True
CWE-125,CVE-2021-39657,46,1081,63,True,True
CWE-125,CVE-2019-19252,186,3941,381,True,True
CWE-125,CVE-2016-9555,71,2053,49,True,True
CWE-125,CVE-2023-37453,239,6596,136,True,True
CWE-125,CVE-2023-37453,138,4121,76,True,True
CWE-125,CVE-2020-8835,122,3527,75,True,True
CWE-125,CVE-2018-14610,53,1248,45,True,True
CWE-125,CVE-2017-16645,33,805,0,True,False
CWE-125,CVE-2023-6610,146,4308,60,True,True
CWE-125,CVE-2019-14283,71,2200,14,True,True
CWE-200,CVE-2018-19854,14,337,0,True,False
CWE-200,CVE-2018-19854,13,338,0,True,False
CWE-200,CVE-2018-19854,66,1619,0,True,False
CWE-200,CVE-2018-19854,18,500,0,True,False
CWE-200,CVE-2018-19854,14,319,0,True,False
CWE-200,CVE-2018-19854,14,364,0,True,False
CWE-200,CVE-2018-3665,26,517,17,True,True
CWE-200,CVE-2018-3665,7,140,0,True,False
CWE-200,CVE-2018-3665,8,106,0,True,False
CWE-200,CVE-2018-3665,8,154,0,True,False
CWE-200,CVE-2018-3665,21,406,5,True,True
CWE-200,CVE-2018-3665,43,1001,18,True,True
CWE-200,CVE-2018-3665,23,476,0,True,False
CWE-200,CVE-2018-3665,6,123,0,True,False
CWE-200,CVE-2018-3665,14,338,0,True,False
CWE-200,CVE-2018-3665,90,2313,40,True,True
CWE-200,CVE-2018-3665,12,231,4,True,True
CWE-200,CVE-2018-3665,6,130,0,True,False
CWE-200,CVE-2018-3665,15,334,9,True,True
CWE-200,CVE-2018-3665,6,123,0,True,False
CWE-200,CVE-2018-3665,15,327,0,True,False
CWE-200,CVE-2018-3665,15,415,0,True,False
CWE-200,CVE-2018-3665,14,271,0,True,False
CWE-200,CVE-2022-33742,10,415,0,True,False
CWE-200,CVE-2022-33742,93,2594,73,True,True
CWE-200,CVE-2022-33742,93,2724,55,True,True
CWE-200,CVE-2022-33742,40,938,33,True,True
CWE-200,CVE-2022-33742,158,4868,159,True,True
CWE-200,CVE-2022-33742,21,482,4,True,True
CWE-200,CVE-2022-33742,51,1456,9,True,True
CWE-200,CVE-2022-33742,24,718,0,True,False
CWE-200,CVE-2015-8553,56,1416,49,True,True
CWE-200,CVE-2018-20509,30,726,6,True,True
CWE-200,CVE-2018-20509,132,4067,155,True,True
CWE-200,CVE-2018-20509,22,409,10,True,True
CWE-200,CVE-2018-20509,392,12400,204,True,True
CWE-200,CVE-2018-20509,52,1444,51,True,True
CWE-200,CVE-2018-20509,68,1849,61,True,True
CWE-200,CVE-2018-20509,52,1675,32,True,True
CWE-200,CVE-2018-20509,49,1486,29,True,True
CWE-200,CVE-2013-7281,47,1033,40,True,True
CWE-200,CVE-2013-7281,44,889,47,True,True
CWE-200,CVE-2013-7281,54,1129,44,True,True
CWE-200,CVE-2013-7281,45,909,33,True,True
CWE-200,CVE-2012-6545,17,444,0,True,False
CWE-200,CVE-2017-7495,73,2061,36,True,True
CWE-200,CVE-2017-7495,222,6310,107,True,True
CWE-200,CVE-2017-14991,255,7465,299,True,True
CWE-200,CVE-2017-14991,33,801,26,True,True
CWE-200,CVE-2013-3231,164,3682,115,True,True
CWE-200,CVE-2014-8709,59,1450,62,True,True
CWE-200,CVE-2013-3235,117,2972,114,True,True
CWE-200,CVE-2013-3235,14,458,0,True,False
CWE-200,CVE-2016-0723,147,3439,49,True,True
CWE-200,CVE-2017-17864,94,3248,0,True,False
CWE-200,CVE-2013-3227,35,680,31,True,True
CWE-200,CVE-2016-4913,99,2250,50,True,True
CWE-200,CVE-2015-4176,49,1256,48,True,True
CWE-200,CVE-2012-6536,26,509,20,True,True
CWE-200,CVE-2012-6536,19,334,0,True,False
CWE-200,CVE-2022-33741,155,4165,168,True,True
CWE-200,CVE-2022-33741,65,1625,36,True,True
CWE-200,CVE-2013-3222,45,1052,41,True,True
CWE-200,CVE-2016-4486,15,378,2,True,True
CWE-200,CVE-2013-3229,115,3046,80,True,True
CWE-200,CVE-2016-9756,30,870,11,True,True
CWE-200,CVE-2016-9756,34,1015,19,True,True
CWE-200,CVE-2018-16862,36,1073,4,True,True
CWE-200,CVE-2017-2584,28,564,14,True,True
CWE-200,CVE-2017-2584,18,496,0,True,False
CWE-200,CVE-2017-2584,26,574,13,True,True
CWE-200,CVE-2017-15537,97,2586,47,True,True
CWE-200,CVE-2017-15537,48,1093,27,True,True
CWE-200,CVE-2013-3226,21,473,0,True,False
CWE-200,CVE-2012-6547,203,4358,144,True,True
CWE-200,CVE-2018-20449,4,39,0,True,False
CWE-200,CVE-2018-20449,122,3030,0,True,False
CWE-200,CVE-2018-20449,25,901,0,True,False
CWE-200,CVE-2018-7755,175,4210,100,True,True
CWE-200,CVE-2016-0823,7,257,0,True,False
CWE-200,CVE-2015-8569,18,408,4,True,True
CWE-200,CVE-2019-18660,14,361,5,True,True
CWE-200,CVE-2019-18660,36,966,8,True,True
CWE-200,CVE-2013-2164,57,1452,51,True,True
CWE-200,CVE-2012-6546,16,495,9,True,True
CWE-200,CVE-2017-5550,38,915,64,True,True
CWE-200,CVE-2017-5550,11,281,0,True,False
CWE-200,CVE-2013-3076,31,719,17,True,True
CWE-200,CVE-2013-3076,82,1696,83,True,True
CWE-200,CVE-2018-12126,24,692,6,True,True
CWE-200,CVE-2015-8950,22,451,0,True,False
CWE-200,CVE-2015-8950,31,822,0,True,False
CWE-200,CVE-2014-1739,32,858,21,True,True
CWE-200,CVE-2018-16658,14,439,0,True,False
CWE-200,CVE-2018-20511,38,918,5,True,True
CWE-200,CVE-2012-6549,41,979,20,True,True
CWE-200,CVE-2012-6548,32,797,17,True,True
CWE-200,CVE-2012-6542,41,928,8,True,True
CWE-200,CVE-2014-3917,25,593,5,True,True
CWE-200,CVE-2014-3917,28,683,4,True,True
CWE-200,CVE-2016-2117,138,3386,127,True,True
CWE-200,CVE-2017-9605,111,3126,91,True,True
CWE-200,CVE-2016-5244,23,575,0,True,False
CWE-200,CVE-2013-4299,26,678,7,True,True
CWE-200,CVE-2013-4299,25,508,12,True,True
CWE-200,CVE-2012-4530,108,2479,66,True,True
CWE-200,CVE-2012-4530,70,1939,40,True,True
CWE-200,CVE-2012-4530,83,2095,63,True,True
CWE-200,CVE-2012-4530,82,2061,39,True,True
CWE-200,CVE-2018-20510,39,1062,4,True,True
CWE-200,CVE-2018-20510,460,13882,279,True,True
CWE-200,CVE-2016-4580,65,1955,16,True,True
CWE-200,CVE-2018-18710,24,665,0,True,False
CWE-200,CVE-2012-6539,68,1808,64,True,True
CWE-200,CVE-2013-3230,56,1235,44,True,True
CWE-200,CVE-2017-9150,275,6865,348,True,True
CWE-200,CVE-2013-3225,24,606,5,True,True
CWE-200,CVE-2018-5750,35,923,20,True,True
CWE-200,CVE-2012-6544,23,593,0,True,False
CWE-200,CVE-2013-3224,38,779,28,True,True
CWE-200,CVE-2018-15594,19,506,2,True,True
CWE-200,CVE-2012-6538,17,436,12,True,True
CWE-200,CVE-2017-14140,68,1561,0,True,False
CWE-200,CVE-2017-10911,37,1122,13,True,True
CWE-200,CVE-2014-9903,40,726,14,True,True
CWE-200,CVE-2018-6412,92,2300,49,True,True
CWE-200,CVE-2014-4027,75,1980,88,True,True
CWE-200,CVE-2014-4027,36,879,41,True,True
CWE-200,CVE-2013-0160,25,644,13,True,True
CWE-200,CVE-2015-8575,32,566,7,True,True
CWE-200,CVE-2017-18549,21,660,0,True,False
CWE-200,CVE-2016-4482,11,257,2,True,True
CWE-200,CVE-2015-7884,24,550,0,True,False
CWE-200,CVE-2017-17449,27,615,25,True,True
CWE-200,CVE-2020-2732,21,686,0,True,False
CWE-200,CVE-2017-16911,23,659,0,True,False
CWE-200,CVE-2017-16911,94,2483,126,True,True
CWE-200,CVE-2014-2038,13,423,0,True,False
CWE-200,CVE-2015-8964,6,164,0,True,False
CWE-200,CVE-2013-3228,45,1161,19,True,True
CWE-200,CVE-2013-4516,24,762,0,True,False
CWE-200,CVE-2017-14156,97,2865,12,True,True
CWE-200,CVE-2015-8374,314,8128,435,True,True
CWE-200,CVE-2016-7917,161,3836,164,True,True
CWE-200,CVE-2016-4485,13,384,0,True,False
CWE-200,CVE-2014-9895,44,1039,38,True,True
CWE-200,CVE-2013-3237,181,3969,198,True,True
CWE-200,CVE-2016-4569,101,2860,80,True,True
CWE-200,CVE-2012-6537,27,698,3,True,True
CWE-200,CVE-2017-0627,77,1895,34,True,True
CWE-200,CVE-2012-6543,31,863,0,True,False
CWE-200,CVE-2012-6541,30,751,7,True,True
CWE-200,CVE-2015-7885,161,3310,48,True,True
CWE-20,CVE-2013-7266,47,1185,19,True,True
CWE-20,CVE-2013-7266,88,2185,65,True,True
CWE-20,CVE-2013-7266,64,1417,57,True,True
CWE-20,CVE-2013-7266,83,1719,83,True,True
CWE-20,CVE-2013-7266,98,2405,87,True,True
CWE-20,CVE-2013-7266,65,1771,59,True,True
CWE-20,CVE-2013-7266,117,2621,63,True,True
CWE-20,CVE-2013-7266,153,4011,134,True,True
CWE-20,CVE-2013-7266,33,621,33,True,True
CWE-20,CVE-2013-7266,29,608,22,True,True
CWE-20,CVE-2013-7266,32,628,33,True,True
CWE-20,CVE-2013-7266,37,708,31,True,True
CWE-20,CVE-2013-7266,33,743,17,True,True
CWE-20,CVE-2013-7266,25,630,5,True,True
CWE-20,CVE-2013-7266,90,2267,83,True,True
CWE-20,CVE-2013-7266,323,7790,331,True,True
CWE-20,CVE-2013-7266,49,1111,52,True,True
CWE-20,CVE-2013-7266,42,919,34,True,True
CWE-20,CVE-2013-7266,166,3706,115,True,True
CWE-20,CVE-2013-7266,159,3370,140,True,True
CWE-20,CVE-2013-7266,183,3993,198,True,True
CWE-20,CVE-2013-7266,96,2205,73,True,True
CWE-20,CVE-2013-7266,10,235,0,True,False
CWE-20,CVE-2013-7266,91,2123,55,True,True
CWE-20,CVE-2013-7266,47,1076,41,True,True
CWE-20,CVE-2013-7266,65,1761,37,True,True
CWE-20,CVE-2013-7266,46,927,28,True,True
CWE-20,CVE-2013-7266,105,2050,100,True,True
CWE-20,CVE-2013-7266,120,3197,100,True,True
CWE-20,CVE-2013-7266,102,2170,74,True,True
CWE-20,CVE-2013-7266,55,1216,27,True,True
CWE-20,CVE-2013-7266,119,3005,114,True,True
CWE-20,CVE-2013-7266,72,1674,53,True,True
CWE-20,CVE-2013-7266,25,635,7,True,True
CWE-20,CVE-2013-7266,41,930,0,True,False
CWE-20,CVE-2013-7266,22,513,0,True,False
CWE-20,CVE-2013-7266,111,2159,70,True,True
CWE-20,CVE-2017-15121,25,1142,6,True,True
CWE-20,CVE-2017-15121,91,2181,65,True,True
CWE-20,CVE-2021-20194,13,382,0,True,False
CWE-20,CVE-2021-20194,22,538,0,True,False
CWE-20,CVE-2021-20194,31,796,4,True,True
CWE-20,CVE-2021-20194,527,14375,0,True,False
CWE-20,CVE-2021-20194,116,2986,39,True,True
CWE-20,CVE-2021-20194,10,240,0,True,False
CWE-20,CVE-2021-20194,43,1214,9,True,True
CWE-20,CVE-2021-20194,26,812,0,True,False
CWE-20,CVE-2021-20194,33,979,9,True,True
CWE-20,CVE-2021-20194,51,1066,23,True,True
CWE-20,CVE-2021-20194,6,137,0,True,False
CWE-20,CVE-2021-20194,74,1683,24,True,True
CWE-20,CVE-2021-20194,14,362,0,True,False
CWE-20,CVE-2021-20194,51,1322,11,True,True
CWE-20,CVE-2021-20194,16,346,0,True,False
CWE-20,CVE-2021-20194,11,191,0,True,False
CWE-20,CVE-2021-20194,12,297,0,True,False
CWE-20,CVE-2021-20194,36,680,25,True,True
CWE-20,CVE-2017-16538,17,379,18,True,True
CWE-20,CVE-2018-5803,38,995,0,True,False
CWE-20,CVE-2013-0290,56,1274,0,True,False
CWE-20,CVE-2012-4398,61,1854,29,True,True
CWE-20,CVE-2012-4398,60,1662,18,True,True
CWE-20,CVE-2012-4398,15,204,0,True,False
CWE-20,CVE-2012-4398,25,637,5,True,True
CWE-20,CVE-2012-4398,52,1494,18,True,True
CWE-20,CVE-2012-4398,22,634,0,True,False
CWE-20,CVE-2013-1848,16,374,0,True,False
CWE-20,CVE-2015-3288,71,1920,46,True,True
CWE-20,CVE-2015-3288,61,1770,40,True,True
CWE-20,CVE-2018-14641,161,4498,224,True,True
CWE-20,CVE-2018-14641,131,3701,149,True,True
CWE-20,CVE-2018-20669,76,2112,59,True,True
CWE-20,CVE-2018-20669,34,905,0,True,False
CWE-20,CVE-2018-20669,27,759,17,True,True
CWE-20,CVE-2018-20669,79,1936,83,True,True
CWE-20,CVE-2018-20669,20,409,16,True,True
CWE-20,CVE-2018-20669,29,770,12,True,True
CWE-20,CVE-2013-6368,25,680,23,True,True
CWE-20,CVE-2013-6368,17,474,8,True,True
CWE-20,CVE-2008-7316,22,417,24,True,True
CWE-20,CVE-2008-7316,86,2339,66,True,True
CWE-20,CVE-2013-7263,44,889,47,True,True
CWE-20,CVE-2013-7263,47,1033,40,True,True
CWE-20,CVE-2013-7263,45,909,33,True,True
CWE-20,CVE-2013-7263,145,3378,142,True,True
CWE-20,CVE-2013-7263,79,1792,69,True,True
CWE-20,CVE-2020-0041,712,22702,994,True,True
CWE-20,CVE-2015-7872,38,882,0,True,False
CWE-20,CVE-2012-2669,230,5934,184,True,True
CWE-20,CVE-2018-12207,22,663,0,True,False
CWE-20,CVE-2018-12207,13,344,9,True,True
CWE-20,CVE-2012-2136,80,1664,0,True,False
CWE-20,CVE-2014-0038,29,846,5,True,True
CWE-20,CVE-2017-18200,75,1779,14,True,True
CWE-20,CVE-2021-3655,219,5448,47,True,True
CWE-20,CVE-2021-3655,41,993,41,True,True
CWE-20,CVE-2021-3655,47,1360,0,True,False
CWE-20,CVE-2021-3655,170,5690,25,True,True
CWE-20,CVE-2021-3655,10,300,0,True,False
CWE-20,CVE-2021-3655,50,1532,10,True,True
CWE-20,CVE-2021-3655,140,4376,41,True,True
CWE-20,CVE-2018-11232,67,1803,0,True,False
CWE-20,CVE-2014-2523,91,2799,62,True,True
CWE-20,CVE-2014-2523,41,1151,16,True,True
CWE-20,CVE-2014-4611,110,2342,175,True,True
CWE-20,CVE-2019-9453,121,2774,137,True,True
CWE-20,CVE-2019-9453,58,1321,51,True,True
CWE-20,CVE-2013-2897,138,3845,9,True,True
CWE-20,CVE-2013-2897,32,830,4,True,True
CWE-20,CVE-2013-2146,259,8067,106,True,True
CWE-20,CVE-2017-17862,288,7281,387,True,True
CWE-20,CVE-2017-17862,130,3368,120,True,True
CWE-20,CVE-2020-12363,6,103,0,True,False
CWE-20,CVE-2020-12363,16,532,3,True,True
CWE-20,CVE-2020-12363,60,2192,23,True,True
CWE-20,CVE-2020-12363,79,2395,66,True,True
CWE-20,CVE-2020-12363,17,311,6,True,True
CWE-20,CVE-2015-2672,32,782,7,True,True
CWE-20,CVE-2015-2672,25,534,7,True,True
CWE-20,CVE-2015-2672,24,507,7,True,True
CWE-20,CVE-2016-2549,11,299,0,True,False
CWE-20,CVE-2016-2549,6,142,0,True,False
CWE-20,CVE-2016-5828,107,3005,27,True,True
CWE-20,CVE-2019-9503,40,915,41,True,True
CWE-20,CVE-2019-9503,21,528,0,True,False
CWE-20,CVE-2019-9503,14,363,0,True,False
CWE-20,CVE-2018-5391,192,4458,173,True,True
CWE-20,CVE-2020-25643,56,1507,58,True,True
CWE-20,CVE-2017-18221,69,1883,23,True,True
CWE-20,CVE-2017-14489,45,1056,47,True,True
CWE-20,CVE-2018-18021,24,763,5,True,True
CWE-20,CVE-2013-2888,25,610,0,True,False
CWE-20,CVE-2013-4254,6,189,1,True,True
CWE-20,CVE-2018-10087,38,814,29,True,True
CWE-20,CVE-2017-1000252,79,2157,21,True,True
CWE-20,CVE-2016-2548,12,373,0,True,False
CWE-20,CVE-2016-2548,19,653,0,True,False
CWE-20,CVE-2016-2548,44,1206,19,True,True
CWE-20,CVE-2016-2548,61,1706,20,True,True
CWE-20,CVE-2013-4270,20,697,9,True,True
CWE-20,CVE-2017-17805,36,970,8,True,True
CWE-20,CVE-2017-17805,36,970,8,True,True
CWE-20,CVE-2018-14656,22,564,0,True,False
CWE-20,CVE-2018-14656,9,253,0,True,False
CWE-20,CVE-2014-3645,96,3156,7,True,True
CWE-20,CVE-2016-6197,238,5877,314,True,True
CWE-20,CVE-2016-6197,32,817,9,True,True
CWE-20,CVE-2016-6162,118,3353,31,True,True
CWE-20,CVE-2016-6162,97,2481,31,True,True
CWE-20,CVE-2013-2898,22,601,10,True,True
CWE-20,CVE-2017-9242,314,8409,492,True,True
CWE-20,CVE-2016-9919,161,4058,102,True,True
CWE-20,CVE-2016-8650,287,7033,542,True,True
CWE-20,CVE-2015-8552,33,855,8,True,True
CWE-20,CVE-2014-9584,291,7062,224,True,True
CWE-20,CVE-2015-8844,148,5242,76,True,True
CWE-20,CVE-2018-1000026,7,237,4,True,True
CWE-20,CVE-2013-1819,105,2588,0,True,False
CWE-20,CVE-2015-7509,66,2209,19,True,True
CWE-20,CVE-2013-1943,202,5159,237,True,True
CWE-20,CVE-2017-6345,58,1603,20,True,True
CWE-20,CVE-2017-6345,10,239,0,True,False
CWE-20,CVE-2013-1763,18,398,12,True,True
CWE-20,CVE-2013-1828,58,1735,44,True,True
CWE-20,CVE-2017-15868,82,1900,76,True,True
CWE-20,CVE-2017-5123,31,846,0,True,False
CWE-20,CVE-2017-5123,40,1029,0,True,False
CWE-20,CVE-2014-0155,39,1181,8,True,True
CWE-20,CVE-2012-6647,135,3761,109,True,True
CWE-20,CVE-2013-0216,15,357,7,True,True
CWE-20,CVE-2016-2143,17,570,0,True,False
CWE-20,CVE-2016-2143,6,200,0,True,False
CWE-20,CVE-2017-18509,145,3066,73,True,True
CWE-20,CVE-2021-33098,89,2360,36,True,True
CWE-20,CVE-2019-0147,75,2478,96,True,True
CWE-20,CVE-2016-9191,27,596,8,True,True
CWE-20,CVE-2020-12351,91,2168,29,True,True
CWE-20,CVE-2013-4129,55,1257,33,True,True
CWE-20,CVE-2013-4129,34,738,29,True,True
CWE-20,CVE-2018-14619,16,506,2,True,True
CWE-20,CVE-2013-2140,29,764,17,True,True
CWE-20,CVE-2019-11085,26,738,16,True,True
CWE-264,CVE-2014-0181,47,1028,27,True,True
CWE-264,CVE-2014-0181,58,1238,67,True,True
CWE-264,CVE-2014-0181,29,841,32,True,True
CWE-264,CVE-2014-0181,199,4415,251,True,True
CWE-264,CVE-2014-0181,130,2868,179,True,True
CWE-264,CVE-2014-0181,43,984,23,True,True
CWE-264,CVE-2014-0181,104,2306,70,True,True
CWE-264,CVE-2014-0181,63,1401,84,True,True
CWE-264,CVE-2014-0181,33,756,12,True,True
CWE-264,CVE-2014-0181,24,566,7,True,True
CWE-264,CVE-2014-0181,40,840,8,True,True
CWE-264,CVE-2014-0181,57,1307,62,True,True
CWE-264,CVE-2014-0181,35,810,23,True,True
CWE-264,CVE-2014-0181,74,1506,59,True,True
CWE-264,CVE-2014-0181,14,316,0,True,False
CWE-264,CVE-2014-0181,43,940,29,True,True
CWE-264,CVE-2014-1438,14,509,0,True,False
CWE-264,CVE-2015-8709,9,163,0,True,False
CWE-264,CVE-2015-8709,67,1984,30,True,True
CWE-264,CVE-2015-8709,34,582,0,True,False
CWE-264,CVE-2016-6786,56,1287,2,True,True
CWE-264,CVE-2016-6786,41,982,2,True,True
CWE-264,CVE-2016-6786,11,285,0,True,False
CWE-264,CVE-2016-6786,11,283,0,True,False
CWE-264,CVE-2016-6786,12,333,0,True,False
CWE-264,CVE-2016-6786,49,1160,48,True,True
CWE-264,CVE-2016-6786,15,445,5,True,True
CWE-264,CVE-2016-6786,13,268,0,True,False
CWE-264,CVE-2016-6786,285,6606,0,True,False
CWE-264,CVE-2016-6786,7,183,0,True,False
CWE-264,CVE-2016-3857,26,692,31,True,True
CWE-264,CVE-2016-3857,38,965,52,True,True
CWE-264,CVE-2016-3841,46,1152,37,True,True
CWE-264,CVE-2016-3841,161,3965,138,True,True
CWE-264,CVE-2016-3841,31,874,0,True,False
CWE-264,CVE-2016-3841,187,4459,55,True,True
CWE-264,CVE-2016-3841,25,438,13,True,True
CWE-264,CVE-2016-3841,164,3906,60,True,True
CWE-264,CVE-2016-3841,25,568,12,True,True
CWE-264,CVE-2016-3841,71,1874,0,True,False
CWE-264,CVE-2016-3841,157,3810,52,True,True
CWE-264,CVE-2016-3841,201,5295,0,True,False
CWE-264,CVE-2016-3841,37,895,19,True,True
CWE-264,CVE-2016-3841,149,3979,0,True,False
CWE-264,CVE-2016-3841,27,783,0,True,False
CWE-264,CVE-2016-3841,734,15410,452,True,True
CWE-264,CVE-2016-3841,17,496,0,True,False
CWE-264,CVE-2016-3841,34,894,18,True,True
CWE-264,CVE-2016-3841,339,6886,170,True,True
CWE-264,CVE-2014-4014,12,284,4,True,True
CWE-264,CVE-2014-4014,26,743,12,True,True
CWE-264,CVE-2014-4014,261,7059,112,True,True
CWE-264,CVE-2014-4014,8,186,0,True,False
CWE-264,CVE-2014-4014,39,906,5,True,True
CWE-264,CVE-2014-4014,51,1354,11,True,True
CWE-264,CVE-2015-1593,10,227,4,True,True
CWE-264,CVE-2015-1593,15,425,7,True,True
CWE-264,CVE-2015-9016,11,332,0,True,False
CWE-264,CVE-2015-9016,21,566,21,True,True
CWE-264,CVE-2015-9016,50,1524,17,True,True
CWE-264,CVE-2015-9016,41,1173,0,True,False
CWE-264,CVE-2016-9644,27,537,32,True,True
CWE-264,CVE-2016-9644,41,1077,17,True,True
CWE-264,CVE-2016-9644,57,1694,0,True,False
CWE-264,CVE-2016-9644,28,634,0,True,False
CWE-264,CVE-2016-9644,80,1992,9,True,True
CWE-264,CVE-2016-9644,20,383,10,True,True
CWE-264,CVE-2016-9644,89,1892,38,True,True
CWE-264,CVE-2013-1979,9,317,0,True,False
CWE-264,CVE-2015-9004,101,2168,38,True,True
CWE-264,CVE-2014-8133,25,694,7,True,True
CWE-264,CVE-2014-8133,31,637,12,True,True
CWE-264,CVE-2016-3157,8,227,0,True,False
CWE-264,CVE-2016-3157,171,5737,0,True,False
CWE-264,CVE-2016-10200,58,1511,10,True,True
CWE-264,CVE-2016-10200,101,2452,29,True,True
CWE-264,CVE-2016-4997,90,2411,60,True,True
CWE-264,CVE-2016-4997,90,2398,60,True,True
CWE-264,CVE-2016-4997,54,1494,11,True,True
CWE-264,CVE-2016-4997,55,1465,11,True,True
CWE-264,CVE-2016-8632,100,2540,121,True,True
CWE-264,CVE-2016-8632,39,843,18,True,True
CWE-264,CVE-2015-8955,27,670,0,True,False
CWE-264,CVE-2013-4299,25,508,12,True,True
CWE-264,CVE-2016-9120,103,2152,62,True,True
CWE-264,CVE-2016-9120,11,235,2,True,True
CWE-264,CVE-2016-9120,13,300,0,True,False
CWE-264,CVE-2016-9120,17,392,2,True,True
CWE-264,CVE-2014-9870,115,2494,34,True,True
CWE-264,CVE-2014-9870,9,211,3,True,True
CWE-264,CVE-2014-9870,155,4496,52,True,True
CWE-264,CVE-2014-9870,32,887,0,True,False
CWE-264,CVE-2016-10044,8,263,0,True,False
CWE-264,CVE-2013-6431,138,3075,139,True,True
CWE-264,CVE-2014-9888,12,370,0,True,False
CWE-264,CVE-2014-9888,12,360,0,True,False
CWE-264,CVE-2016-10318,21,567,0,True,False
CWE-264,CVE-2015-2686,42,941,0,True,False
CWE-264,CVE-2015-2686,42,1073,0,True,False
CWE-264,CVE-2016-4440,6,177,0,True,False
CWE-264,CVE-2016-4440,209,5594,117,True,True
CWE-264,CVE-2016-4440,20,499,16,True,True
CWE-264,CVE-2013-1858,395,10545,0,True,False
CWE-264,CVE-2013-1858,27,615,8,True,True
CWE-264,CVE-2013-1858,113,2540,0,True,False
CWE-264,CVE-2012-2319,82,2244,63,True,True
CWE-264,CVE-2012-2319,120,3035,68,True,True
CWE-264,CVE-2012-2313,59,1438,22,True,True
CWE-264,CVE-2013-4300,19,678,12,True,True
CWE-264,CVE-2013-1957,16,358,9,True,True
CWE-264,CVE-2014-8989,6,123,0,True,False
CWE-264,CVE-2015-8966,50,1142,15,True,True
CWE-264,CVE-2013-1774,55,1557,18,True,True
CWE-264,CVE-2016-6187,74,1948,93,True,True
CWE-264,CVE-2013-0914,13,315,1,True,True
CWE-264,CVE-2013-4470,54,1582,31,True,True
CWE-264,CVE-2014-9922,114,2923,0,True,False
CWE-264,CVE-2014-9922,161,4011,115,True,True
CWE-264,CVE-2013-1956,35,816,29,True,True
CWE-264,CVE-2014-8159,149,3392,0,True,False
CWE-362,CVE-2012-3552,67,1744,23,True,True
CWE-362,CVE-2012-3552,28,714,0,True,False
CWE-362,CVE-2012-3552,37,1048,35,True,True
CWE-362,CVE-2012-3552,218,4588,99,True,True
CWE-362,CVE-2012-3552,112,3110,0,True,False
CWE-362,CVE-2012-3552,153,3407,91,True,True
CWE-362,CVE-2012-3552,84,2202,60,True,True
CWE-362,CVE-2012-3552,49,1179,0,True,False
CWE-362,CVE-2012-3552,18,388,0,True,False
CWE-362,CVE-2012-3552,40,1018,24,True,True
CWE-362,CVE-2012-3552,44,1087,27,True,True
CWE-362,CVE-2012-3552,119,2758,207,True,True
CWE-362,CVE-2012-3552,166,4526,0,True,False
CWE-362,CVE-2012-3552,227,5313,204,True,True
CWE-362,CVE-2012-3552,39,927,12,True,True
CWE-362,CVE-2012-3552,100,2379,64,True,True
CWE-362,CVE-2012-3552,83,2235,0,True,False
CWE-362,CVE-2012-3552,95,2439,63,True,True
CWE-362,CVE-2012-3552,11,277,4,True,True
CWE-362,CVE-2012-3552,18,454,13,True,True
CWE-362,CVE-2012-3552,68,1994,80,True,True
CWE-362,CVE-2012-3552,47,1140,31,True,True
CWE-362,CVE-2012-3552,524,11913,354,True,True
CWE-362,CVE-2019-19537,58,1459,30,True,True
CWE-362,CVE-2019-19537,17,407,0,True,False
CWE-362,CVE-2020-29369,108,2765,88,True,True
CWE-362,CVE-2020-29369,26,659,14,True,True
CWE-362,CVE-2021-4203,79,2014,0,True,False
CWE-362,CVE-2021-4203,8,215,0,True,False
CWE-362,CVE-2022-41849,25,674,10,True,True
CWE-362,CVE-2022-41849,38,959,11,True,True
CWE-362,CVE-2014-4652,8,234,0,True,False
CWE-362,CVE-2014-4652,32,799,19,True,True
CWE-362,CVE-2014-4652,89,2580,119,True,True
CWE-362,CVE-2020-29370,60,1413,72,True,True
CWE-362,CVE-2021-23133,24,576,9,True,True
CWE-362,CVE-2021-23133,153,4360,107,True,True
CWE-362,CVE-2021-23133,76,2262,29,True,True
CWE-362,CVE-2021-20261,27,639,9,True,True
CWE-362,CVE-2021-20261,22,615,6,True,True
CWE-362,CVE-2020-29372,97,2148,118,True,True
CWE-362,CVE-2022-45869,63,1768,6,True,True
CWE-362,CVE-2022-45869,59,1218,32,True,True
CWE-362,CVE-2020-27067,5,130,0,True,False
CWE-362,CVE-2020-27067,21,367,7,True,True
CWE-362,CVE-2021-44733,14,400,0,True,False
CWE-362,CVE-2021-44733,5,104,0,True,False
CWE-362,CVE-2021-44733,123,2728,0,True,False
CWE-362,CVE-2021-44733,13,232,3,True,True
CWE-362,CVE-2021-44733,18,417,0,True,False
CWE-362,CVE-2019-18683,101,3280,77,True,True
CWE-362,CVE-2019-18683,65,1894,38,True,True
CWE-362,CVE-2019-18683,87,2763,54,True,True
CWE-362,CVE-2019-18683,24,634,9,True,True
CWE-362,CVE-2019-18683,98,3172,75,True,True
CWE-362,CVE-2019-18683,65,1894,38,True,True
CWE-362,CVE-2014-9529,38,888,0,True,False
CWE-362,CVE-2016-2069,18,396,0,True,False
CWE-362,CVE-2016-2069,13,365,0,True,False
CWE-362,CVE-2016-2069,65,1989,9,True,True
CWE-362,CVE-2016-8655,150,3606,92,True,True
CWE-362,CVE-2016-8655,212,4109,20,True,True
CWE-362,CVE-2023-6546,45,1189,6,True,True
CWE-362,CVE-2021-39686,19,582,5,True,True
CWE-362,CVE-2021-39686,738,23754,1032,True,True
CWE-362,CVE-2020-29368,44,1666,9,True,True
CWE-362,CVE-2015-3212,25,663,0,True,False
CWE-362,CVE-2015-3212,75,2056,32,True,True
CWE-362,CVE-2015-3212,137,3913,95,True,True
CWE-362,CVE-2015-3212,133,4289,25,True,True
CWE-362,CVE-2014-2672,35,633,34,True,True
CWE-362,CVE-2023-1582,95,2229,185,True,True
CWE-362,CVE-2023-1582,39,1026,63,True,True
CWE-362,CVE-2018-5873,51,1235,0,True,False
CWE-362,CVE-2016-10906,62,1612,18,True,True
CWE-362,CVE-2016-10906,53,1323,10,True,True
CWE-362,CVE-2022-20567,3,68,0,True,False
CWE-362,CVE-2022-20567,55,1161,24,True,True
CWE-362,CVE-2018-5814,54,1104,17,True,True
CWE-362,CVE-2018-5814,25,477,11,True,True
CWE-362,CVE-2018-5814,86,2093,26,True,True
CWE-362,CVE-2018-5814,13,235,12,True,True
CWE-362,CVE-2018-5814,14,327,14,True,True
CWE-362,CVE-2018-5814,29,583,12,True,True
CWE-362,CVE-2018-5814,27,663,22,True,True
CWE-362,CVE-2018-5814,13,252,0,True,False
CWE-362,CVE-2022-3028,28,745,4,True,True
CWE-362,CVE-2017-1000112,315,8421,486,True,True
CWE-362,CVE-2017-1000112,142,3285,236,True,True
CWE-362,CVE-2017-1000112,55,1272,45,True,True
CWE-362,CVE-2017-1000112,253,6426,422,True,True
CWE-362,CVE-2023-2006,47,1288,24,True,True
CWE-362,CVE-2023-2006,15,392,0,True,False
CWE-362,CVE-2023-2006,82,2096,0,True,False
CWE-362,CVE-2023-2006,12,233,4,True,True
CWE-362,CVE-2023-2006,62,1378,58,True,True
CWE-362,CVE-2015-8839,9,224,0,True,False
CWE-362,CVE-2015-8839,155,4140,146,True,True
CWE-362,CVE-2015-8839,28,642,16,True,True
CWE-362,CVE-2015-8839,87,2414,56,True,True
CWE-362,CVE-2015-8839,31,753,16,True,True
CWE-362,CVE-2015-8839,5,149,0,True,False
CWE-362,CVE-2015-8839,159,4060,132,True,True
CWE-362,CVE-2015-8839,5,159,0,True,False
CWE-362,CVE-2015-8839,122,3107,75,True,True
CWE-362,CVE-2015-8839,126,3405,102,True,True
CWE-362,CVE-2012-4508,35,1112,31,True,True
CWE-362,CVE-2012-4508,55,1505,69,True,True
CWE-362,CVE-2012-4508,92,2531,99,True,True
CWE-362,CVE-2020-25285,29,610,9,True,True
CWE-362,CVE-2020-25285,23,566,12,True,True
CWE-362,CVE-2016-10741,166,4556,136,True,True
CWE-362,CVE-2016-7911,13,248,8,True,True
CWE-362,CVE-2020-0305,12,240,0,True,False
CWE-362,CVE-2022-3567,7,221,0,True,False
CWE-362,CVE-2022-3567,21,545,4,True,True
CWE-362,CVE-2022-3567,25,501,5,True,True
CWE-362,CVE-2022-3567,12,346,0,True,False
CWE-362,CVE-2022-3567,7,219,0,True,False
CWE-362,CVE-2017-15265,39,1197,49,True,True
CWE-362,CVE-2022-20148,515,13153,667,True,True
CWE-362,CVE-2022-3566,220,5402,94,True,True
CWE-362,CVE-2022-3566,10,338,0,True,False
CWE-362,CVE-2022-3566,618,13024,326,True,True
CWE-362,CVE-2022-3566,11,367,0,True,False
CWE-362,CVE-2016-2545,100,2848,50,True,True
CWE-362,CVE-2023-4732,44,1444,22,True,True
CWE-362,CVE-2023-4732,105,2720,96,True,True
CWE-362,CVE-2023-4732,52,1273,45,True,True
CWE-362,CVE-2023-4732,36,1029,32,True,True
CWE-362,CVE-2022-23037,76,1911,45,True,True
CWE-362,CVE-2021-39713,67,1662,0,True,False
CWE-362,CVE-2021-39713,112,3110,90,True,True
CWE-362,CVE-2021-39713,117,2899,161,True,True
CWE-362,CVE-2021-39713,153,3814,190,True,True
CWE-362,CVE-2021-39713,84,2155,106,True,True
CWE-362,CVE-2020-12114,49,1029,0,True,False
CWE-362,CVE-2020-12114,31,1020,0,True,False
CWE-362,CVE-2020-12114,6,183,0,True,False
CWE-362,CVE-2020-12114,11,332,0,True,False
CWE-362,CVE-2020-12114,6,184,0,True,False
CWE-362,CVE-2020-12114,15,229,0,True,False
CWE-362,CVE-2020-12114,7,174,0,True,False
CWE-362,CVE-2020-12114,12,295,0,True,False
CWE-362,CVE-2019-6974,51,989,52,True,True
CWE-362,CVE-2020-11884,8,151,0,True,False
CWE-362,CVE-2020-11884,25,575,13,True,True
CWE-362,CVE-2016-2547,61,1706,20,True,True
CWE-362,CVE-2016-2547,12,373,0,True,False
CWE-362,CVE-2016-2547,44,1206,19,True,True
CWE-362,CVE-2016-2547,19,653,0,True,False
CWE-362,CVE-2017-18224,28,788,6,True,True
CWE-362,CVE-2022-45887,16,448,0,True,False
CWE-362,CVE-2016-2546,15,307,11,True,True
CWE-362,CVE-2016-2546,56,1454,58,True,True
CWE-362,CVE-2016-2546,26,580,24,True,True
CWE-362,CVE-2016-2546,59,1697,29,True,True
CWE-362,CVE-2014-2706,59,1928,43,True,True
CWE-362,CVE-2014-2706,123,3379,0,True,False
CWE-362,CVE-2016-6130,32,855,26,True,True
CWE-362,CVE-2013-0871,8,241,0,True,False
CWE-362,CVE-2013-0871,48,1410,0,True,False
CWE-362,CVE-2018-17972,32,668,19,True,True
CWE-362,CVE-2019-2213,8,205,0,True,False
CWE-362,CVE-2019-2213,30,876,23,True,True
CWE-362,CVE-2012-3511,31,832,6,True,True
CWE-362,CVE-2016-0723,147,3439,49,True,True
CWE-362,CVE-2023-35826,18,449,0,True,False
CWE-362,CVE-2018-12232,12,266,2,True,True
CWE-362,CVE-2018-12232,19,367,0,True,False
CWE-362,CVE-2016-10200,58,1511,10,True,True
CWE-362,CVE-2017-18249,38,862,21,True,True
CWE-362,CVE-2021-20321,214,5102,240,True,True
CWE-362,CVE-2022-23040,32,630,35,True,True
CWE-362,CVE-2022-28796,30,851,0,True,False
CWE-362,CVE-2022-28796,24,720,0,True,False
CWE-362,CVE-2023-35828,18,474,0,True,False
CWE-362,CVE-2020-29374,125,2871,167,True,True
CWE-362,CVE-2020-29374,5,172,0,True,False
CWE-362,CVE-2020-29374,45,1241,34,True,True
CWE-362,CVE-2020-29374,48,1159,71,True,True
CWE-362,CVE-2020-29374,5,166,0,True,False
CWE-362,CVE-2021-3752,6,114,0,True,False
CWE-362,CVE-2021-3752,50,1148,4,True,True
CWE-362,CVE-2023-42756,72,1886,79,True,True
CWE-362,CVE-2023-32250,23,638,4,True,True
CWE-362,CVE-2023-32250,4,87,0,True,False
CWE-362,CVE-2023-32250,4,91,0,True,False
CWE-362,CVE-2023-32250,57,1992,54,True,True
CWE-362,CVE-2023-32250,27,679,0,True,False
CWE-362,CVE-2023-32250,173,4920,55,True,True
CWE-362,CVE-2015-7613,42,968,53,True,True
CWE-362,CVE-2015-7613,48,889,18,True,True
CWE-362,CVE-2014-3940,24,682,14,True,True
CWE-362,CVE-2020-0030,76,2002,45,True,True
CWE-362,CVE-2017-7533,42,1308,0,True,False
CWE-362,CVE-2017-7533,123,3154,94,True,True
CWE-362,CVE-2017-7533,34,883,52,True,True
CWE-362,CVE-2021-4202,17,377,2,True,True
CWE-362,CVE-2013-7026,13,433,0,True,False
CWE-362,CVE-2013-7026,88,1931,0,True,False
CWE-362,CVE-2013-7026,153,3240,214,True,True
CWE-362,CVE-2016-5195,64,1993,29,True,True
CWE-362,CVE-2016-5195,137,3470,0,True,False
CWE-362,CVE-2022-41850,35,947,22,True,True
CWE-362,CVE-2022-20154,4,86,0,True,False
CWE-362,CVE-2022-20154,49,1334,12,True,True
CWE-362,CVE-2022-20154,36,793,10,True,True
CWE-362,CVE-2017-6346,94,2305,70,True,True
CWE-362,CVE-2017-6346,23,417,12,True,True
CWE-362,CVE-2020-27675,26,526,12,True,True
CWE-362,CVE-2020-27675,21,335,0,True,False
CWE-362,CVE-2020-27675,16,345,2,True,True
CWE-362,CVE-2020-27675,8,226,0,True,False
CWE-362,CVE-2016-2544,14,349,0,True,False
CWE-362,CVE-2023-35823,5,107,0,True,False
CWE-362,CVE-2018-8897,43,1159,0,True,False
CWE-362,CVE-2023-3108,73,1513,57,True,True
CWE-362,CVE-2023-3108,26,509,34,True,True
CWE-362,CVE-2023-32254,5,146,0,True,False
CWE-362,CVE-2021-32399,16,385,2,True,True
CWE-362,CVE-2017-12146,29,631,15,True,True
CWE-362,CVE-2014-9710,99,2428,109,True,True
CWE-362,CVE-2014-9710,268,6415,322,True,True
CWE-362,CVE-2015-8767,39,1022,4,True,True
CWE-362,CVE-2015-8767,35,913,5,True,True
CWE-362,CVE-2015-8767,31,844,0,True,False
CWE-362,CVE-2020-12652,77,2209,30,True,True
CWE-362,CVE-2020-12652,53,1666,14,True,True
CWE-362,CVE-2020-12652,39,986,16,True,True
CWE-362,CVE-2020-36557,38,749,29,True,True
CWE-362,CVE-2020-36557,52,1451,24,True,True
CWE-362,CVE-2022-1048,99,2696,103,True,True
CWE-362,CVE-2022-1048,25,677,3,True,True
CWE-362,CVE-2022-1048,126,3666,116,True,True
CWE-362,CVE-2022-1048,27,831,12,True,True
CWE-362,CVE-2023-35829,9,236,0,True,False
CWE-362,CVE-2018-7995,22,465,0,True,False
CWE-362,CVE-2022-1729,447,10790,0,True,False
CWE-362,CVE-2018-12633,68,1627,64,True,True
CWE-362,CVE-2016-7916,62,1099,86,True,True
CWE-362,CVE-2022-23042,69,1853,45,True,True
CWE-362,CVE-2022-23042,107,2789,137,True,True
CWE-362,CVE-2022-23042,111,2823,91,True,True
CWE-362,CVE-2015-1420,46,1062,27,True,True
CWE-362,CVE-2015-7990,166,4142,182,True,True
CWE-362,CVE-2015-7990,138,3795,0,True,False
CWE-362,CVE-2023-31083,54,1011,26,True,True
CWE-362,CVE-2017-15129,17,292,0,True,False
CWE-362,CVE-2022-39188,13,418,0,True,False
CWE-362,CVE-2022-39188,2,95,0,True,False
CWE-362,CVE-2017-1000405,44,1049,0,True,False
CWE-362,CVE-2017-1000405,38,834,0,True,False
CWE-362,CVE-2017-1000405,67,1964,0,True,False
CWE-362,CVE-2023-33951,40,972,12,True,True
CWE-362,CVE-2023-33951,46,1321,19,True,True
CWE-362,CVE-2023-33951,16,343,2,True,True
CWE-362,CVE-2023-33951,49,1297,15,True,True
CWE-362,CVE-2023-33951,34,964,19,True,True
CWE-362,CVE-2020-14416,19,436,0,True,False
CWE-362,CVE-2020-14416,6,125,0,True,False
CWE-362,CVE-2021-4083,22,500,0,True,False
CWE-362,CVE-2013-3302,62,1555,39,True,True
CWE-362,CVE-2013-3302,115,2984,85,True,True
CWE-362,CVE-2016-6516,34,619,37,True,True
CWE-362,CVE-2022-23036,11,309,0,True,False
CWE-362,CVE-2021-28964,76,2240,0,True,False
CWE-362,CVE-2022-20141,42,1005,49,True,True
CWE-362,CVE-2016-6156,35,816,23,True,True
CWE-362,CVE-2014-0196,84,1805,88,True,True
CWE-362,CVE-2021-3640,25,419,9,True,True
CWE-362,CVE-2015-9016,21,566,21,True,True
CWE-362,CVE-2015-9016,22,553,20,True,True
CWE-362,CVE-2015-9016,50,1524,17,True,True
CWE-362,CVE-2018-20836,6,145,0,True,False
CWE-362,CVE-2022-3564,35,830,0,True,False
CWE-362,CVE-2022-3564,133,3314,9,True,True
CWE-362,CVE-2022-2590,42,1122,0,True,False
CWE-362,CVE-2023-2898,17,387,0,True,False
CWE-362,CVE-2015-7550,50,1073,44,True,True
CWE-362,CVE-2022-3623,107,2862,0,True,False
CWE-362,CVE-2022-3623,126,3250,0,True,False
CWE-362,CVE-2021-3573,45,987,8,True,True
CWE-362,CVE-2022-3521,67,1562,34,True,True
CWE-362,CVE-2023-35824,29,795,0,True,False
CWE-362,CVE-2021-0920,106,2480,85,True,True
CWE-362,CVE-2021-39648,6,203,0,True,False
CWE-362,CVE-2020-0066,85,1869,76,True,True
CWE-362,CVE-2015-8963,15,416,8,True,True
CWE-362,CVE-2018-5344,28,661,3,True,True
CWE-362,CVE-2021-40490,37,815,17,True,True
CWE-362,CVE-2019-11815,26,850,0,True,False
CWE-362,CVE-2019-13233,47,1129,9,True,True
CWE-362,CVE-2014-3611,12,283,5,True,True
CWE-362,CVE-2013-1935,144,3538,31,True,True
CWE-362,CVE-2016-6136,33,855,28,True,True
CWE-362,CVE-2021-3609,44,1046,10,True,True
CWE-362,CVE-2016-9806,91,2370,87,True,True
CWE-362,CVE-2014-8086,102,2788,82,True,True
CWE-362,CVE-2022-23039,32,668,0,True,False
CWE-362,CVE-2022-23039,62,1692,54,True,True
CWE-362,CVE-2016-9794,22,565,3,True,True
CWE-362,CVE-2022-29582,32,1040,13,True,True
CWE-362,CVE-2022-29582,57,1585,27,True,True
CWE-362,CVE-2014-9914,23,660,15,True,True
CWE-362,CVE-2022-45888,188,4204,168,True,True
CWE-362,CVE-2018-1000004,45,1292,0,True,False
CWE-362,CVE-2013-1792,83,2042,106,True,True
CWE-362,CVE-2015-3339,42,1160,6,True,True
CWE-362,CVE-2023-33203,21,447,0,True,False
CWE-362,CVE-2018-18559,87,1710,64,True,True
CWE-362,CVE-2014-7842,16,410,4,True,True
CWE-362,CVE-2017-6874,12,267,0,True,False
CWE-362,CVE-2016-6480,101,2597,122,True,True
CWE-362,CVE-2019-3016,12,370,0,True,False
CWE-362,CVE-2022-3635,21,416,21,True,True
CWE-362,CVE-2018-7566,84,2214,55,True,True
CWE-362,CVE-2017-6001,397,9589,0,True,False
CWE-362,CVE-2022-40307,10,244,0,True,False
CWE-362,CVE-2022-2959,58,1504,60,True,True
CWE-401,CVE-2019-19053,38,765,37,True,True
CWE-401,CVE-2023-32247,10,216,0,True,False
CWE-401,CVE-2023-32247,38,792,0,True,False
CWE-401,CVE-2023-32247,5,140,0,True,False
CWE-401,CVE-2023-32247,10,219,0,True,False
CWE-401,CVE-2023-32247,7,260,0,True,False
CWE-401,CVE-2022-4139,98,2872,49,True,True
CWE-401,CVE-2022-0854,47,1701,24,True,True
CWE-401,CVE-2022-0854,8,274,0,True,False
CWE-401,CVE-2019-19078,58,1333,51,True,True
CWE-401,CVE-2023-0615,86,3055,9,True,True
CWE-401,CVE-2022-3526,78,2095,136,True,True
CWE-401,CVE-2019-19073,35,812,20,True,True
CWE-401,CVE-2019-19073,37,912,23,True,True
CWE-401,CVE-2019-19073,58,1800,44,True,True
CWE-401,CVE-2022-1012,16,432,0,True,False
CWE-401,CVE-2022-1012,8,230,0,True,False
CWE-401,CVE-2022-1012,8,211,0,True,False
CWE-401,CVE-2022-1012,10,280,5,True,True
CWE-401,CVE-2022-1012,6,198,0,True,False
CWE-401,CVE-2022-1012,10,276,5,True,True
CWE-401,CVE-2019-20810,59,1384,67,True,True
CWE-401,CVE-2019-15807,76,2264,0,True,False
CWE-401,CVE-2022-0742,22,468,0,True,False
CWE-401,CVE-2022-0742,22,474,0,True,False
CWE-401,CVE-2019-12379,28,625,40,True,True
CWE-401,CVE-2022-47941,170,4826,55,True,True
CWE-401,CVE-2019-18807,100,2948,50,True,True
CWE-401,CVE-2019-20096,18,559,0,True,False
CWE-401,CVE-2019-19052,117,2602,83,True,True
CWE-401,CVE-2019-19082,16,329,0,True,False
CWE-401,CVE-2019-19082,16,349,0,True,False
CWE-401,CVE-2019-19082,16,328,0,True,False
CWE-401,CVE-2019-19083,22,497,0,True,False
CWE-401,CVE-2019-19083,22,498,0,True,False
CWE-401,CVE-2019-19083,22,498,0,True,False
CWE-401,CVE-2019-19083,22,498,0,True,False
CWE-401,CVE-2019-19083,22,498,0,True,False
CWE-401,CVE-2019-19056,21,550,8,True,True
CWE-401,CVE-2021-20265,193,4028,205,True,True
CWE-401,CVE-2021-29649,17,410,13,True,True
CWE-401,CVE-2021-29649,12,300,0,True,False
CWE-401,CVE-2021-29649,8,226,1,True,True
CWE-401,CVE-2021-3744,281,6897,195,True,True
CWE-401,CVE-2022-3629,138,3388,123,True,True
CWE-401,CVE-2019-18811,68,1644,78,True,True
CWE-401,CVE-2019-16995,71,1754,56,True,True
CWE-401,CVE-2023-0597,7,236,0,True,False
CWE-401,CVE-2023-0597,59,1639,0,True,False
CWE-401,CVE-2023-0597,15,311,0,True,False
CWE-401,CVE-2023-0597,18,567,9,True,True
CWE-401,CVE-2019-19049,66,1581,30,True,True
CWE-401,CVE-2019-18813,71,1604,46,True,True
CWE-401,CVE-2019-19081,101,2467,137,True,True
CWE-401,CVE-2019-9857,51,1216,45,True,True
CWE-401,CVE-2019-19075,113,2664,121,True,True
CWE-401,CVE-2019-8980,68,1168,58,True,True
CWE-401,CVE-2019-19071,24,638,18,True,True
CWE-401,CVE-2019-19065,183,5270,177,True,True
CWE-401,CVE-2020-36312,36,856,31,True,True
CWE-401,CVE-2023-7192,155,3504,0,True,False
CWE-401,CVE-2019-19077,76,1981,26,True,True
CWE-401,CVE-2019-19061,36,969,17,True,True
CWE-401,CVE-2020-15393,8,196,0,True,False
CWE-401,CVE-2019-19047,48,1172,53,True,True
CWE-401,CVE-2023-4569,22,532,9,True,True
CWE-401,CVE-2019-19051,69,1965,59,True,True
CWE-401,CVE-2021-3736,57,1649,53,True,True
CWE-401,CVE-2021-3736,10,290,1,True,True
CWE-401,CVE-2022-3619,107,2547,56,True,True
CWE-401,CVE-2019-19045,81,2338,64,True,True
CWE-401,CVE-2019-19070,80,2336,92,True,True
CWE-401,CVE-2019-19043,94,2697,64,True,True
CWE-401,CVE-2022-24959,135,3469,13,True,True
CWE-401,CVE-2022-27950,41,875,25,True,True
CWE-401,CVE-2020-25704,157,3343,113,True,True
CWE-401,CVE-2019-18806,56,1444,58,True,True
CWE-401,CVE-2019-19079,19,431,18,True,True
CWE-401,CVE-2021-4135,48,1008,50,True,True
CWE-401,CVE-2019-19060,54,1379,57,True,True
CWE-401,CVE-2020-12656,16,386,0,True,False
CWE-401,CVE-2019-15921,71,1721,47,True,True
CWE-401,CVE-2022-26878,17,348,3,True,True
CWE-401,CVE-2019-19055,70,2154,33,True,True
CWE-401,CVE-2022-3630,122,3402,20,True,True
CWE-401,CVE-2019-19062,37,809,18,True,True
CWE-401,CVE-2019-19066,47,1630,0,True,False
CWE-401,CVE-2019-19068,28,623,20,True,True
CWE-401,CVE-2019-19057,41,1099,40,True,True
CWE-401,CVE-2019-19050,37,814,18,True,True
CWE-401,CVE-2020-12768,32,519,20,True,True
CWE-401,CVE-2021-30002,106,2546,159,True,True
CWE-401,CVE-2019-19058,31,787,0,True,False
CWE-401,CVE-2019-19074,61,1347,26,True,True
CWE-401,CVE-2022-1651,307,8488,332,True,True
CWE-401,CVE-2019-19076,57,1398,35,True,True
CWE-401,CVE-2019-16994,45,1175,9,True,True
CWE-401,CVE-2019-19059,132,4280,85,True,True
CWE-401,CVE-2021-45480,185,5020,0,True,False
CWE-401,CVE-2021-4002,102,2643,87,True,True
CWE-401,CVE-2019-19054,45,1324,47,True,True
CWE-416,CVE-2020-14381,20,404,0,True,False
CWE-416,CVE-2020-14381,31,850,0,True,False
CWE-416,CVE-2020-14381,207,6306,100,True,True
CWE-416,CVE-2018-10876,16,374,10,True,True
CWE-416,CVE-2018-10876,458,12393,0,True,False
CWE-416,CVE-2018-10876,80,2103,0,True,False
CWE-416,CVE-2018-10876,112,3291,151,True,True
CWE-416,CVE-2018-10876,88,2341,0,True,False
CWE-416,CVE-2016-9576,35,813,27,True,True
CWE-416,CVE-2018-9465,17,405,3,True,True
CWE-416,CVE-2018-9465,17,431,6,True,True
CWE-416,CVE-2018-9465,38,852,37,True,True
CWE-416,CVE-2022-42703,18,473,0,True,False
CWE-416,CVE-2022-42703,47,1039,42,True,True
CWE-416,CVE-2022-42703,60,1599,26,True,True
CWE-416,CVE-2022-42703,48,1430,26,True,True
CWE-416,CVE-2022-42703,53,1409,4,True,True
CWE-416,CVE-2022-1786,14,277,8,True,True
CWE-416,CVE-2022-1786,25,579,0,True,False
CWE-416,CVE-2022-1786,12,337,0,True,False
CWE-416,CVE-2022-1786,77,1933,44,True,True
CWE-416,CVE-2022-1786,19,381,19,True,True
CWE-416,CVE-2022-1786,38,901,53,True,True
CWE-416,CVE-2022-1786,33,916,0,True,False
CWE-416,CVE-2022-1786,14,369,0,True,False
CWE-416,CVE-2022-1786,8,252,0,True,False
CWE-416,CVE-2022-1786,21,579,0,True,False
CWE-416,CVE-2022-1786,60,1574,44,True,True
CWE-416,CVE-2022-1786,47,1320,11,True,True
CWE-416,CVE-2022-1786,33,1211,11,True,True
CWE-416,CVE-2016-3841,31,874,0,True,False
CWE-416,CVE-2016-3841,118,3354,0,True,False
CWE-416,CVE-2016-3841,157,3810,52,True,True
CWE-416,CVE-2016-3841,37,895,19,True,True
CWE-416,CVE-2016-3841,27,783,0,True,False
CWE-416,CVE-2016-3841,161,3965,138,True,True
CWE-416,CVE-2016-3841,25,438,13,True,True
CWE-416,CVE-2016-3841,339,6886,170,True,True
CWE-416,CVE-2016-3841,149,3979,0,True,False
CWE-416,CVE-2016-3841,201,5295,0,True,False
CWE-416,CVE-2016-3841,25,568,12,True,True
CWE-416,CVE-2016-3841,183,4467,157,True,True
CWE-416,CVE-2016-3841,164,3906,60,True,True
CWE-416,CVE-2016-3841,71,1874,0,True,False
CWE-416,CVE-2016-3841,294,7272,278,True,True
CWE-416,CVE-2016-3841,734,15410,452,True,True
CWE-416,CVE-2016-3841,187,4459,55,True,True
CWE-416,CVE-2016-3841,17,496,0,True,False
CWE-416,CVE-2016-3841,20,508,0,True,False
CWE-416,CVE-2016-3841,46,1152,37,True,True
CWE-416,CVE-2023-3439,7,144,0,True,False
CWE-416,CVE-2023-3439,22,485,13,True,True
CWE-416,CVE-2023-3389,23,497,5,True,True
CWE-416,CVE-2023-3389,46,1274,34,True,True
CWE-416,CVE-2023-3389,30,962,0,True,False
CWE-416,CVE-2023-3389,8,174,0,True,False
CWE-416,CVE-2023-3389,5,156,0,True,False
CWE-416,CVE-2023-3389,67,2111,0,True,False
CWE-416,CVE-2023-3389,56,1445,45,True,True
CWE-416,CVE-2023-3389,16,303,5,True,True
CWE-416,CVE-2023-3389,57,1670,45,True,True
CWE-416,CVE-2022-1679,48,1014,53,True,True
CWE-416,CVE-2023-4611,110,2370,84,True,True
CWE-416,CVE-2023-4611,10,232,0,True,False
CWE-416,CVE-2023-3863,87,1656,69,True,True
CWE-416,CVE-2023-3863,12,238,0,True,False
CWE-416,CVE-2023-3863,28,628,26,True,True
CWE-416,CVE-2023-3863,54,1149,29,True,True
CWE-416,CVE-2023-3863,6,115,0,True,False
CWE-416,CVE-2023-3863,48,844,41,True,True
CWE-416,CVE-2023-3863,24,523,14,True,True
CWE-416,CVE-2023-3863,121,2733,63,True,True
CWE-416,CVE-2023-3863,14,313,8,True,True
CWE-416,CVE-2023-3863,10,199,7,True,True
CWE-416,CVE-2023-3863,65,1301,51,True,True
CWE-416,CVE-2019-11487,4,106,0,True,False
CWE-416,CVE-2019-11487,111,2384,61,True,True
CWE-416,CVE-2019-11487,5,121,0,True,False
CWE-416,CVE-2019-11487,74,1654,36,True,True
CWE-416,CVE-2019-11487,7,169,0,True,False
CWE-416,CVE-2019-11487,83,1627,85,True,True
CWE-416,CVE-2022-45919,20,416,2,True,True
CWE-416,CVE-2022-45919,80,1829,64,True,True
CWE-416,CVE-2022-45919,17,375,3,True,True
CWE-416,CVE-2022-45919,41,858,5,True,True
CWE-416,CVE-2023-32233,7,175,0,True,False
CWE-416,CVE-2023-32233,17,396,0,True,False
CWE-416,CVE-2020-36694,60,1395,78,True,True
CWE-416,CVE-2020-36694,27,636,25,True,True
CWE-416,CVE-2020-36694,55,1311,39,True,True
CWE-416,CVE-2020-36694,140,3886,175,True,True
CWE-416,CVE-2020-36694,32,729,23,True,True
CWE-416,CVE-2020-36694,133,3730,165,True,True
CWE-416,CVE-2020-36694,54,1322,39,True,True
CWE-416,CVE-2020-36694,55,1305,39,True,True
CWE-416,CVE-2020-36694,28,621,25,True,True
CWE-416,CVE-2020-36694,14,341,0,True,False
CWE-416,CVE-2020-36694,46,1106,53,True,True
CWE-416,CVE-2020-36694,28,622,25,True,True
CWE-416,CVE-2020-36694,60,1399,78,True,True
CWE-416,CVE-2020-36694,33,728,23,True,True
CWE-416,CVE-2020-36694,106,2621,148,True,True
CWE-416,CVE-2020-36694,47,1134,0,True,False
CWE-416,CVE-2020-36694,48,986,42,True,True
CWE-416,CVE-2020-36694,48,993,42,True,True
CWE-416,CVE-2020-36694,47,987,42,True,True
CWE-416,CVE-2020-27835,31,862,10,True,True
CWE-416,CVE-2020-27835,20,537,6,True,True
CWE-416,CVE-2020-27835,26,688,9,True,True
CWE-416,CVE-2020-27835,87,2219,3,True,True
CWE-416,CVE-2020-27835,14,468,0,True,False
CWE-416,CVE-2020-27835,29,801,9,True,True
CWE-416,CVE-2020-27835,70,2044,54,True,True
CWE-416,CVE-2020-27835,40,1034,39,True,True
CWE-416,CVE-2018-9422,115,3297,44,True,True
CWE-416,CVE-2023-25012,35,790,22,True,True
CWE-416,CVE-2023-25012,33,866,8,True,True
CWE-416,CVE-2023-25012,70,2031,31,True,True
CWE-416,CVE-2022-38457,32,879,30,True,True
CWE-416,CVE-2022-38457,63,1559,33,True,True
CWE-416,CVE-2022-38457,46,1335,29,True,True
CWE-416,CVE-2022-38457,72,1948,67,True,True
CWE-416,CVE-2022-38457,55,1543,44,True,True
CWE-416,CVE-2022-38457,44,1137,27,True,True
CWE-416,CVE-2022-38457,40,1051,15,True,True
CWE-416,CVE-2022-38457,33,858,30,True,True
CWE-416,CVE-2022-38457,19,444,0,True,False
CWE-416,CVE-2019-15920,74,2124,30,True,True
CWE-416,CVE-2020-10720,36,890,0,True,False
CWE-416,CVE-2022-2318,9,193,0,True,False
CWE-416,CVE-2022-2318,4,72,0,True,False
CWE-416,CVE-2022-2318,23,510,0,True,False
CWE-416,CVE-2022-2318,4,82,0,True,False
CWE-416,CVE-2022-2318,4,74,0,True,False
CWE-416,CVE-2022-2318,11,225,0,True,False
CWE-416,CVE-2022-2318,28,654,0,True,False
CWE-416,CVE-2022-2318,37,975,0,True,False
CWE-416,CVE-2019-10125,32,752,31,True,True
CWE-416,CVE-2019-10125,41,1076,10,True,True
CWE-416,CVE-2019-10125,20,479,0,True,False
CWE-416,CVE-2019-10125,7,174,0,True,False
CWE-416,CVE-2019-10125,22,569,0,True,False
CWE-416,CVE-2019-10125,8,229,0,True,False
CWE-416,CVE-2019-10125,45,1261,40,True,True
CWE-416,CVE-2019-10125,71,1949,8,True,True
CWE-416,CVE-2019-19767,30,1052,0,True,False
CWE-416,CVE-2019-19767,35,943,15,True,True
CWE-416,CVE-2020-7053,7,131,0,True,False
CWE-416,CVE-2020-7053,33,705,8,True,True
CWE-416,CVE-2020-7053,9,286,0,True,False
CWE-416,CVE-2020-7053,54,1122,27,True,True
CWE-416,CVE-2020-7053,31,684,10,True,True
CWE-416,CVE-2020-7053,35,729,23,True,True
CWE-416,CVE-2023-3610,17,419,14,True,True
CWE-416,CVE-2023-3610,24,473,10,True,True
CWE-416,CVE-2023-3610,50,1086,23,True,True
CWE-416,CVE-2023-3610,5,174,0,True,False
CWE-416,CVE-2023-3610,14,335,9,True,True
CWE-416,CVE-2023-3610,11,317,0,True,False
CWE-416,CVE-2023-3610,20,499,0,True,False
CWE-416,CVE-2023-3610,22,396,9,True,True
CWE-416,CVE-2023-3610,13,283,9,True,True
CWE-416,CVE-2023-3610,13,280,3,True,True
CWE-416,CVE-2021-3348,58,1240,43,True,True
CWE-416,CVE-2014-2851,25,618,23,True,True
CWE-416,CVE-2018-9517,159,4212,164,True,True
CWE-416,CVE-2022-1882,35,793,9,True,True
CWE-416,CVE-2022-1882,30,847,0,True,False
CWE-416,CVE-2022-1882,69,1585,16,True,True
CWE-416,CVE-2022-1882,63,1555,69,True,True
CWE-416,CVE-2019-19768,7,184,0,True,False
CWE-416,CVE-2019-19768,39,927,9,True,True
CWE-416,CVE-2019-19768,71,1469,100,True,True
CWE-416,CVE-2019-19768,16,406,6,True,True
CWE-416,CVE-2019-19768,12,205,4,True,True
CWE-416,CVE-2019-19768,12,327,0,True,False
CWE-416,CVE-2019-19768,14,305,0,True,False
CWE-416,CVE-2019-19768,5,94,0,True,False
CWE-416,CVE-2019-19768,7,188,0,True,False
CWE-416,CVE-2019-19768,19,517,0,True,False
CWE-416,CVE-2019-19768,11,204,0,True,False
CWE-416,CVE-2019-19768,18,528,0,True,False
CWE-416,CVE-2022-41218,44,1084,20,True,True
CWE-416,CVE-2022-41218,19,475,0,True,False
CWE-416,CVE-2022-20566,34,693,20,True,True
CWE-416,CVE-2022-20566,31,668,0,True,False
CWE-416,CVE-2022-20566,113,2616,108,True,True
CWE-416,CVE-2022-20566,13,271,0,True,False
CWE-416,CVE-2022-20566,41,977,31,True,True
CWE-416,CVE-2022-20566,48,1034,0,True,False
CWE-416,CVE-2022-20566,45,980,39,True,True
CWE-416,CVE-2022-20566,96,2500,71,True,True
CWE-416,CVE-2022-20566,28,658,16,True,True
CWE-416,CVE-2022-20566,13,265,0,True,False
CWE-416,CVE-2018-16884,249,6507,124,True,True
CWE-416,CVE-2018-16884,7,179,0,True,False
CWE-416,CVE-2018-16884,12,299,6,True,True
CWE-416,CVE-2018-16884,72,2063,22,True,True
CWE-416,CVE-2021-39800,61,1550,0,True,False
CWE-416,CVE-2022-3977,32,745,3,True,True
CWE-416,CVE-2022-3977,33,775,14,True,True
CWE-416,CVE-2020-27786,25,761,9,True,True
CWE-416,CVE-2020-27786,59,1659,51,True,True
CWE-416,CVE-2020-27786,39,1177,46,True,True
CWE-416,CVE-2023-45898,41,977,23,True,True
CWE-416,CVE-2020-0433,23,528,0,True,False
CWE-416,CVE-2020-0433,38,1079,5,True,True
CWE-416,CVE-2023-1249,277,8038,181,True,True
CWE-416,CVE-2023-1249,62,1812,20,True,True
CWE-416,CVE-2023-1249,55,1382,25,True,True
CWE-416,CVE-2021-1048,43,1276,35,True,True
CWE-416,CVE-2023-35829,9,236,0,True,False
CWE-416,CVE-2023-35824,29,795,0,True,False
CWE-416,CVE-2017-18218,16,441,3,True,True
CWE-416,CVE-2020-12657,19,622,0,True,False
CWE-416,CVE-2023-1872,87,2546,33,True,True
CWE-416,CVE-2023-1872,33,796,32,True,True
CWE-416,CVE-2023-1872,24,533,5,True,True
CWE-416,CVE-2023-1872,29,634,22,True,True
CWE-416,CVE-2023-1872,54,1419,0,True,False
CWE-416,CVE-2023-1872,19,396,5,True,True
CWE-416,CVE-2019-19525,23,534,0,True,False
CWE-416,CVE-2018-5873,51,1235,0,True,False
CWE-416,CVE-2023-51781,52,1094,25,True,True
CWE-416,CVE-2021-3483,45,1079,0,True,False
CWE-416,CVE-2018-10902,28,879,5,True,True
CWE-416,CVE-2018-10902,24,708,5,True,True
CWE-416,CVE-2021-0941,47,1253,0,True,False
CWE-416,CVE-2021-0941,39,1365,14,True,True
CWE-416,CVE-2017-6874,12,267,0,True,False
CWE-416,CVE-2017-6874,32,737,0,True,False
CWE-416,CVE-2017-7374,56,1427,53,True,True
CWE-416,CVE-2017-7374,66,1694,28,True,True
CWE-416,CVE-2017-7374,9,185,0,True,False
CWE-416,CVE-2017-7374,12,331,0,True,False
CWE-416,CVE-2017-7374,45,1309,22,True,True
CWE-416,CVE-2019-8912,6,91,0,True,False
CWE-416,CVE-2023-0240,20,462,12,True,True
CWE-416,CVE-2023-0240,33,837,7,True,True
CWE-416,CVE-2023-0240,56,1485,16,True,True
CWE-416,CVE-2023-0240,10,214,4,True,True
CWE-416,CVE-2023-0240,68,2177,0,True,False
CWE-416,CVE-2022-47946,26,646,20,True,True
CWE-416,CVE-2022-47946,18,510,3,True,True
CWE-416,CVE-2022-47946,40,980,18,True,True
CWE-416,CVE-2022-47946,126,3874,73,True,True
CWE-416,CVE-2022-47946,30,1005,0,True,False
CWE-416,CVE-2022-47946,28,731,18,True,True
CWE-416,CVE-2022-47946,99,2429,0,True,False
CWE-416,CVE-2019-20934,147,3260,119,True,True
CWE-416,CVE-2022-1652,10,257,7,True,True
CWE-416,CVE-2022-1652,27,657,9,True,True
CWE-416,CVE-2022-1652,48,1363,9,True,True
CWE-416,CVE-2022-1652,18,551,6,True,True
CWE-416,CVE-2017-17053,15,412,0,True,False
CWE-416,CVE-2023-5633,51,1364,0,True,False
CWE-416,CVE-2023-5633,34,895,19,True,True
CWE-416,CVE-2023-5633,52,1282,0,True,False
CWE-416,CVE-2023-5633,16,344,2,True,True
CWE-416,CVE-2023-5633,13,400,0,True,False
CWE-416,CVE-2023-5633,51,1341,20,True,True
CWE-416,CVE-2023-5633,66,1747,30,True,True
CWE-416,CVE-2023-5633,165,4742,153,True,True
CWE-416,CVE-2023-5633,46,1319,19,True,True
CWE-416,CVE-2023-5633,5,111,0,True,False
CWE-416,CVE-2023-5633,28,632,10,True,True
CWE-416,CVE-2023-5633,18,359,5,True,True
CWE-416,CVE-2023-5633,40,970,12,True,True
CWE-416,CVE-2023-5633,25,635,8,True,True
CWE-416,CVE-2023-5633,53,1393,8,True,True
CWE-416,CVE-2023-5633,34,965,19,True,True
CWE-416,CVE-2023-5633,132,3522,74,True,True
CWE-416,CVE-2023-5633,37,906,4,True,True
CWE-416,CVE-2023-5633,49,1295,15,True,True
CWE-416,CVE-2019-25044,53,1087,18,True,True
CWE-416,CVE-2019-25044,36,973,0,True,False
CWE-416,CVE-2019-25044,27,770,0,True,False
CWE-416,CVE-2019-25044,9,222,0,True,False
CWE-416,CVE-2020-36387,6,159,0,True,False
CWE-416,CVE-2020-36387,32,943,10,True,True
CWE-416,CVE-2020-36387,15,332,2,True,True
CWE-416,CVE-2020-36387,9,233,0,True,False
CWE-416,CVE-2020-36387,16,387,10,True,True
CWE-416,CVE-2020-36387,28,761,0,True,False
CWE-416,CVE-2014-0100,45,1234,0,True,False
CWE-416,CVE-2022-3424,44,1083,58,True,True
CWE-416,CVE-2022-3424,46,1160,27,True,True
CWE-416,CVE-2022-3424,47,1226,43,True,True
CWE-416,CVE-2021-43057,13,346,5,True,True
CWE-416,CVE-2021-43057,6,204,0,True,False
CWE-416,CVE-2021-43057,17,340,9,True,True
CWE-416,CVE-2019-19377,125,2768,127,True,True
CWE-416,CVE-2023-1281,191,4645,207,True,True
CWE-416,CVE-2018-21008,23,461,2,True,True
CWE-416,CVE-2021-38204,130,3340,78,True,True
CWE-416,CVE-2021-38204,24,575,13,True,True
CWE-416,CVE-2022-3523,38,900,33,True,True
CWE-416,CVE-2022-3523,84,2384,53,True,True
CWE-416,CVE-2022-3523,186,4914,236,True,True
CWE-416,CVE-2022-3523,67,1430,49,True,True
CWE-416,CVE-2022-3523,76,2075,51,True,True
CWE-416,CVE-2022-3523,18,429,3,True,True
CWE-416,CVE-2022-3523,59,1431,47,True,True
CWE-416,CVE-2022-3523,315,9239,330,True,True
CWE-416,CVE-2022-3523,24,579,3,True,True
CWE-416,CVE-2022-3523,61,1664,47,True,True
CWE-416,CVE-2022-3523,80,2122,105,True,True
CWE-416,CVE-2022-3523,53,1080,33,True,True
CWE-416,CVE-2022-3523,25,556,17,True,True
CWE-416,CVE-2022-3523,11,298,0,True,False
CWE-416,CVE-2022-3523,78,1925,70,True,True
CWE-416,CVE-2022-3523,36,937,3,True,True
CWE-416,CVE-2021-20292,24,658,0,True,False
CWE-416,CVE-2021-20292,12,275,0,True,False
CWE-416,CVE-2021-20292,15,376,0,True,False
CWE-416,CVE-2022-20409,14,369,0,True,False
CWE-416,CVE-2022-20409,38,901,53,True,True
CWE-416,CVE-2022-20409,19,381,19,True,True
CWE-416,CVE-2022-20409,33,1211,11,True,True
CWE-416,CVE-2022-20409,14,277,8,True,True
CWE-416,CVE-2022-20409,47,1320,11,True,True
CWE-416,CVE-2022-20409,8,252,0,True,False
CWE-416,CVE-2022-20409,21,579,0,True,False
CWE-416,CVE-2022-20409,33,916,0,True,False
CWE-416,CVE-2022-20409,77,1933,44,True,True
CWE-416,CVE-2022-20409,12,337,0,True,False
CWE-416,CVE-2023-4244,305,9303,53,True,True
CWE-416,CVE-2023-4244,42,1048,22,True,True
CWE-416,CVE-2022-1195,34,702,18,True,True
CWE-416,CVE-2022-2938,6,157,0,True,False
CWE-416,CVE-2022-2938,28,613,23,True,True
CWE-416,CVE-2022-2938,7,195,0,True,False
CWE-416,CVE-2022-2938,29,607,14,True,True
CWE-416,CVE-2022-2938,32,732,19,True,True
CWE-416,CVE-2017-8824,48,1180,6,True,True
CWE-416,CVE-2022-1048,25,677,3,True,True
CWE-416,CVE-2022-1048,99,2696,103,True,True
CWE-416,CVE-2022-32250,29,617,0,True,False
CWE-416,CVE-2017-17975,57,1311,42,True,True
CWE-416,CVE-2019-11810,59,1349,36,True,True
CWE-416,CVE-2018-11412,33,784,26,True,True
CWE-416,CVE-2022-1976,43,1051,55,True,True
CWE-416,CVE-2022-1976,66,1723,24,True,True
CWE-416,CVE-2022-1976,76,1795,0,True,False
CWE-416,CVE-2018-20836,13,428,0,True,False
CWE-416,CVE-2019-25045,64,1247,13,True,True
CWE-416,CVE-2019-25045,45,1180,8,True,True
CWE-416,CVE-2019-25045,14,436,9,True,True
CWE-416,CVE-2023-1079,13,362,0,True,False
CWE-416,CVE-2023-1079,18,524,4,True,True
CWE-416,CVE-2021-3543,42,877,27,True,True
CWE-416,CVE-2019-15220,16,344,5,True,True
CWE-416,CVE-2019-15220,74,2048,66,True,True
CWE-416,CVE-2019-15220,37,755,10,True,True
CWE-416,CVE-2014-2568,96,2553,116,True,True
CWE-416,CVE-2014-2568,221,6433,0,True,False
CWE-416,CVE-2019-11815,26,850,0,True,False
CWE-416,CVE-2019-3896,30,506,38,True,True
CWE-416,CVE-2014-4653,60,1634,51,True,True
CWE-416,CVE-2014-4653,33,913,32,True,True
CWE-416,CVE-2014-4653,41,1052,18,True,True
CWE-416,CVE-2014-4653,48,1132,25,True,True
CWE-416,CVE-2019-19526,123,3008,133,True,True
CWE-416,CVE-2022-3586,143,3334,109,True,True
CWE-416,CVE-2019-15214,59,1543,0,True,False
CWE-416,CVE-2020-29660,58,1436,37,True,True
CWE-416,CVE-2020-29660,45,1195,9,True,True
CWE-416,CVE-2020-29660,23,696,0,True,False
CWE-416,CVE-2020-29660,12,353,0,True,False
CWE-416,CVE-2023-5197,79,2023,84,True,True
CWE-416,CVE-2023-5197,77,1987,90,True,True
CWE-416,CVE-2023-5197,71,1397,17,True,True
CWE-416,CVE-2023-5197,232,5941,341,True,True
CWE-416,CVE-2023-5197,51,1377,21,True,True
CWE-416,CVE-2020-10690,97,2432,0,True,False
CWE-416,CVE-2020-10690,25,427,9,True,True
CWE-416,CVE-2020-10690,10,189,0,True,False
CWE-416,CVE-2020-10690,14,265,4,True,True
CWE-416,CVE-2021-4154,84,2176,10,True,True
CWE-416,CVE-2019-2025,36,884,0,True,False
CWE-416,CVE-2019-2025,434,13081,237,True,True
CWE-416,CVE-2019-2025,603,19521,831,True,True
CWE-416,CVE-2019-2025,162,5244,0,True,False
CWE-416,CVE-2016-9120,103,2152,62,True,True
CWE-416,CVE-2016-9120,11,235,2,True,True
CWE-416,CVE-2016-9120,13,300,0,True,False
CWE-416,CVE-2016-9120,17,392,2,True,True
CWE-416,CVE-2023-1118,15,385,0,True,False
CWE-416,CVE-2023-35823,5,75,0,True,False
CWE-416,CVE-2023-35823,9,293,0,True,False
CWE-416,CVE-2021-23134,118,2689,63,True,True
CWE-416,CVE-2022-3176,22,626,5,True,True
CWE-416,CVE-2022-3176,10,299,0,True,False
CWE-416,CVE-2022-3176,9,230,0,True,False
CWE-416,CVE-2016-10200,58,1511,10,True,True
CWE-416,CVE-2016-10200,101,2452,29,True,True
CWE-416,CVE-2022-33981,181,4708,137,True,True
CWE-416,CVE-2022-20158,274,7248,331,True,True
CWE-416,CVE-2022-20158,142,3691,94,True,True
CWE-416,CVE-2023-3390,227,5811,330,True,True
CWE-416,CVE-2018-20976,7,139,0,True,False
CWE-416,CVE-2018-20976,18,366,0,True,False
CWE-416,CVE-2018-20976,179,4210,152,True,True
CWE-416,CVE-2019-19530,385,11242,462,True,True
CWE-416,CVE-2020-14351,109,3320,6,True,True
CWE-416,CVE-2021-29657,102,2821,32,True,True
CWE-416,CVE-2021-29657,19,417,3,True,True
CWE-416,CVE-2017-17052,50,1171,0,True,False
CWE-416,CVE-2023-3609,56,1308,30,True,True
CWE-416,CVE-2019-19448,50,1630,55,True,True
CWE-416,CVE-2019-19447,80,2026,72,True,True
CWE-416,CVE-2023-3141,27,682,3,True,True
CWE-416,CVE-2021-0342,274,6906,320,True,True
CWE-416,CVE-2022-1419,19,448,0,True,False
CWE-416,CVE-2015-8963,23,512,12,True,True
CWE-416,CVE-2015-8963,15,416,8,True,True
CWE-416,CVE-2020-27784,17,426,0,True,False
CWE-416,CVE-2020-27784,11,278,6,True,True
CWE-416,CVE-2020-27784,55,1477,0,True,False
CWE-416,CVE-2019-18683,65,1894,38,True,True
CWE-416,CVE-2019-18683,24,634,9,True,True
CWE-416,CVE-2019-18683,65,1894,38,True,True
CWE-416,CVE-2019-18683,87,2763,54,True,True
CWE-416,CVE-2019-18683,101,3280,77,True,True
CWE-416,CVE-2019-18683,98,3172,75,True,True
CWE-416,CVE-2018-5344,28,661,3,True,True
CWE-416,CVE-2020-0429,52,1274,24,True,True
CWE-416,CVE-2018-14625,39,931,24,True,True
CWE-416,CVE-2018-14625,10,215,0,True,False
CWE-416,CVE-2018-14625,32,897,7,True,True
CWE-416,CVE-2018-14625,23,570,14,True,True
CWE-416,CVE-2018-14625,25,587,2,True,True
CWE-416,CVE-2022-2586,17,417,0,True,False
CWE-416,CVE-2023-3812,52,1083,0,True,False
CWE-416,CVE-2023-0469,48,1192,47,True,True
CWE-416,CVE-2023-4206,100,2259,145,True,True
CWE-416,CVE-2023-6111,31,697,0,True,False
CWE-416,CVE-2019-15292,4,120,1,True,True
CWE-416,CVE-2019-15292,4,87,0,True,False
CWE-416,CVE-2019-9003,9,174,0,True,False
CWE-416,CVE-2019-9003,5,130,0,True,False
CWE-416,CVE-2023-20928,65,1616,60,True,True
CWE-416,CVE-2023-20928,12,249,0,True,False
CWE-416,CVE-2023-20928,20,492,1,True,True
CWE-416,CVE-2023-20928,14,406,0,True,False
CWE-416,CVE-2023-20928,130,3010,133,True,True
CWE-416,CVE-2021-32606,83,1840,3,True,True
CWE-416,CVE-2021-32606,98,2132,48,True,True
CWE-416,CVE-2019-11811,170,4200,47,True,True
CWE-416,CVE-2019-11811,51,1101,13,True,True
CWE-416,CVE-2019-11811,70,1638,16,True,True
CWE-416,CVE-2022-4379,35,875,22,True,True
CWE-416,CVE-2021-29266,5,113,0,True,False
CWE-416,CVE-2018-16882,89,3164,31,True,True
CWE-416,CVE-2023-1193,17,450,5,True,True
CWE-416,CVE-2023-1193,23,539,4,True,True
CWE-416,CVE-2023-1193,32,1006,0,True,False
CWE-416,CVE-2020-27675,26,526,12,True,True
CWE-416,CVE-2020-27675,8,226,0,True,False
CWE-416,CVE-2020-27675,16,345,2,True,True
CWE-416,CVE-2020-27675,7,148,0,True,False
CWE-416,CVE-2023-2162,52,1357,29,True,True
CWE-416,CVE-2022-3239,297,8029,310,True,True
CWE-416,CVE-2023-1192,462,10925,0,True,False
CWE-416,CVE-2023-1670,13,238,0,True,False
CWE-416,CVE-2017-16527,11,259,0,True,False
CWE-416,CVE-2021-39656,90,2234,60,True,True
CWE-416,CVE-2018-20856,35,786,0,True,False
CWE-416,CVE-2017-11176,123,2749,154,True,True
CWE-416,CVE-2020-27067,79,1793,92,True,True
CWE-416,CVE-2020-27067,5,130,0,True,False
CWE-416,CVE-2020-27067,10,271,0,True,False
CWE-416,CVE-2020-29569,76,1839,19,True,True
CWE-416,CVE-2019-19966,8,133,0,True,False
CWE-416,CVE-2019-7221,42,1224,0,True,False
CWE-416,CVE-2022-20421,31,805,25,True,True
CWE-416,CVE-2023-2513,23,683,9,True,True
CWE-416,CVE-2023-2513,27,825,25,True,True
CWE-416,CVE-2014-0131,196,4323,0,True,False
CWE-416,CVE-2017-16939,50,1150,26,True,True
CWE-416,CVE-2017-16939,8,229,0,True,False
CWE-416,CVE-2017-16939,23,615,0,True,False
CWE-416,CVE-2017-15265,39,1197,49,True,True
CWE-416,CVE-2017-15265,48,1393,0,True,False
CWE-416,CVE-2018-10879,93,2866,87,True,True
CWE-416,CVE-2023-32269,16,341,0,True,False
CWE-416,CVE-2023-0030,79,2400,72,True,True
CWE-416,CVE-2023-0030,29,609,32,True,True
CWE-416,CVE-2023-0030,86,2241,130,True,True
CWE-416,CVE-2023-0030,137,3857,141,True,True
CWE-416,CVE-2020-8648,42,969,28,True,True
CWE-416,CVE-2020-8648,157,4026,205,True,True
CWE-416,CVE-2023-35826,18,449,0,True,False
CWE-416,CVE-2023-1611,35,988,24,True,True
CWE-416,CVE-2021-3347,180,4671,75,True,True
CWE-416,CVE-2021-3347,160,4209,133,True,True
CWE-416,CVE-2021-3347,44,1264,13,True,True
CWE-416,CVE-2023-26606,81,1588,128,True,True
CWE-416,CVE-2020-27820,16,353,7,True,True
CWE-416,CVE-2019-19813,222,5826,0,True,False
CWE-416,CVE-2023-3776,37,838,20,True,True
CWE-416,CVE-2017-6346,94,2305,70,True,True
CWE-416,CVE-2017-6346,23,417,12,True,True
CWE-416,CVE-2019-19319,14,435,0,True,False
CWE-416,CVE-2019-19319,39,998,39,True,True
CWE-416,CVE-2020-25656,121,3075,214,True,True
CWE-416,CVE-2021-0707,33,835,20,True,True
CWE-416,CVE-2023-0266,49,1339,40,True,True
CWE-416,CVE-2023-0266,22,524,19,True,True
CWE-416,CVE-2023-6932,8,207,2,True,True
CWE-416,CVE-2018-14734,67,1506,64,True,True
CWE-416,CVE-2018-14734,22,410,0,True,False
CWE-416,CVE-2019-2215,64,1634,45,True,True
CWE-416,CVE-2023-4623,165,3558,154,True,True
CWE-416,CVE-2022-1158,42,1213,0,True,False
CWE-416,CVE-2016-7911,13,248,8,True,True
CWE-416,CVE-2023-4387,89,2560,62,True,True
CWE-416,CVE-2023-0461,22,420,5,True,True
CWE-416,CVE-2023-0461,34,870,7,True,True
CWE-416,CVE-2023-51780,163,3745,87,True,True
CWE-416,CVE-2022-42720,108,2799,0,True,False
CWE-416,CVE-2022-42720,19,486,9,True,True
CWE-416,CVE-2022-42720,109,3334,0,True,False
CWE-416,CVE-2018-14611,63,2028,26,True,True
CWE-416,CVE-2021-33034,23,526,4,True,True
CWE-416,CVE-2021-33034,37,921,24,True,True
CWE-416,CVE-2020-25669,6,159,0,True,False
CWE-416,CVE-2020-25669,17,661,0,True,False
CWE-416,CVE-2014-0203,31,754,21,True,True
CWE-416,CVE-2018-18559,87,1710,64,True,True
CWE-416,CVE-2022-28893,36,834,0,True,False
CWE-416,CVE-2022-28893,59,1554,30,True,True
CWE-416,CVE-2022-28893,39,940,0,True,False
CWE-416,CVE-2023-1990,13,279,0,True,False
CWE-416,CVE-2021-3760,17,449,12,True,True
CWE-416,CVE-2020-0427,12,334,0,True,False
CWE-416,CVE-2023-39198,33,850,12,True,True
CWE-416,CVE-2023-39198,43,926,15,True,True
CWE-416,CVE-2023-39198,26,628,7,True,True
CWE-416,CVE-2023-21255,34,1004,23,True,True
CWE-416,CVE-2016-7912,29,790,9,True,True
CWE-416,CVE-2019-19770,96,2184,77,True,True
CWE-416,CVE-2023-51782,93,2365,15,True,True
CWE-416,CVE-2023-1989,18,281,5,True,True
CWE-416,CVE-2016-4805,32,748,35,True,True
CWE-416,CVE-2016-4805,32,756,5,True,True
CWE-416,CVE-2024-0193,13,281,0,True,False
CWE-416,CVE-2021-39801,61,1550,0,True,False
CWE-416,CVE-2021-39801,121,2666,68,True,True
CWE-416,CVE-2016-10905,26,567,31,True,True
CWE-416,CVE-2019-15211,74,2276,60,True,True
CWE-416,CVE-2019-15919,77,2101,27,True,True
CWE-416,CVE-2023-6039,49,1008,43,True,True
CWE-416,CVE-2019-19527,69,1563,76,True,True
CWE-416,CVE-2022-42719,62,1827,0,True,False
CWE-416,CVE-2022-1043,15,316,9,True,True
CWE-416,CVE-2019-19543,38,664,7,True,True
CWE-416,CVE-2021-4028,61,1433,24,True,True
CWE-416,CVE-2022-45888,65,1899,4,True,True
CWE-416,CVE-2016-10088,107,3658,132,True,True
CWE-416,CVE-2016-10088,26,592,17,True,True
CWE-416,CVE-2018-25015,452,12055,456,True,True
CWE-416,CVE-2019-2213,8,205,0,True,False
CWE-416,CVE-2020-16119,56,1782,0,True,False
CWE-416,CVE-2022-24122,37,807,0,True,False
CWE-416,CVE-2020-27418,14,474,0,True,False
CWE-416,CVE-2017-2584,26,574,13,True,True
CWE-416,CVE-2017-2584,18,496,0,True,False
CWE-416,CVE-2020-25220,12,303,0,True,False
CWE-416,CVE-2023-4015,48,1122,24,True,True
CWE-416,CVE-2023-4622,115,2579,124,True,True
CWE-416,CVE-2018-17182,62,1860,0,True,False
CWE-416,CVE-2017-16648,15,288,0,True,False
CWE-416,CVE-2016-8655,150,3606,92,True,True
CWE-416,CVE-2016-8655,212,4109,20,True,True
CWE-416,CVE-2023-33288,18,508,5,True,True
CWE-416,CVE-2020-8428,172,4210,120,True,True
CWE-416,CVE-2020-15436,144,3382,110,True,True
CWE-416,CVE-2020-15436,45,1126,20,True,True
CWE-416,CVE-2017-10661,47,1151,0,True,False
CWE-416,CVE-2017-10661,15,461,0,True,False
CWE-416,CVE-2016-9794,22,565,3,True,True
CWE-416,CVE-2019-15215,24,612,0,True,False
CWE-416,CVE-2016-7913,56,1434,9,True,True
CWE-416,CVE-2017-15115,43,1128,5,True,True
CWE-416,CVE-2023-0468,4,131,0,True,False
CWE-416,CVE-2023-0468,67,1854,20,True,True
CWE-416,CVE-2022-22942,25,784,13,True,True
CWE-416,CVE-2022-22942,234,6670,133,True,True
CWE-416,CVE-2021-0935,123,2847,37,True,True
CWE-416,CVE-2023-20938,64,2249,40,True,True
CWE-416,CVE-2023-4207,106,2343,115,True,True
CWE-416,CVE-2022-41849,25,674,10,True,True
CWE-416,CVE-2022-41849,38,959,11,True,True
CWE-416,CVE-2022-1204,80,1687,38,True,True
CWE-416,CVE-2023-33250,22,683,0,True,False
CWE-416,CVE-2021-28691,31,621,0,True,False
CWE-416,CVE-2023-3317,51,1238,61,True,True
CWE-416,CVE-2022-2602,111,3339,33,True,True
CWE-416,CVE-2022-2602,53,1182,46,True,True
CWE-416,CVE-2022-1055,231,5619,313,True,True
CWE-416,CVE-2022-1055,133,3574,117,True,True
CWE-416,CVE-2020-0423,52,1347,27,True,True
CWE-416,CVE-2023-1195,52,1331,4,True,True
CWE-416,CVE-2022-2978,81,2193,2,True,True
CWE-416,CVE-2023-30772,32,917,15,True,True
CWE-416,CVE-2023-1838,93,1870,110,True,True
CWE-416,CVE-2022-1280,139,4201,95,True,True
CWE-416,CVE-2019-2024,65,1324,42,True,True
CWE-416,CVE-2015-5706,61,1393,0,True,False
CWE-416,CVE-2016-10906,53,1323,10,True,True
CWE-416,CVE-2016-10906,62,1612,18,True,True
CWE-416,CVE-2019-15917,20,355,7,True,True
CWE-416,CVE-2020-14416,19,436,0,True,False
CWE-416,CVE-2017-18202,97,3042,12,True,True
CWE-416,CVE-2022-3534,11,283,6,True,True
CWE-416,CVE-2023-3159,25,955,0,True,False
CWE-416,CVE-2014-9940,21,477,0,True,False
CWE-416,CVE-2022-1998,110,3207,57,True,True
CWE-416,CVE-2017-0861,77,1845,50,True,True
CWE-416,CVE-2022-4696,20,447,11,True,True
CWE-416,CVE-2023-1652,50,1428,19,True,True
CWE-416,CVE-2022-41850,35,947,22,True,True
CWE-416,CVE-2019-8956,97,2198,125,True,True
CWE-416,CVE-2019-19529,13,287,0,True,False
CWE-416,CVE-2018-19824,124,3222,160,True,True
CWE-416,CVE-2023-1859,33,839,27,True,True
CWE-416,CVE-2021-4202,17,377,2,True,True
CWE-416,CVE-2022-42896,142,3234,149,True,True
CWE-416,CVE-2022-1734,16,369,0,True,False
CWE-416,CVE-2020-27066,15,306,0,True,False
CWE-416,CVE-2022-4382,11,177,5,True,True
CWE-416,CVE-2022-4382,56,1146,29,True,True
CWE-416,CVE-2020-36313,18,466,7,True,True
CWE-416,CVE-2020-36313,47,1587,57,True,True
CWE-416,CVE-2020-36557,38,749,29,True,True
CWE-416,CVE-2019-15213,13,334,4,True,True
CWE-416,CVE-2019-19318,4,81,0,True,False
CWE-416,CVE-2022-0646,9,223,2,True,True
CWE-416,CVE-2021-37159,77,2071,0,True,False
CWE-416,CVE-2019-15239,10,275,3,True,True
CWE-416,CVE-2017-16525,137,3256,153,True,True
CWE-416,CVE-2021-45868,46,1189,29,True,True
CWE-416,CVE-2019-6974,51,989,52,True,True
CWE-416,CVE-2022-2977,31,792,13,True,True
CWE-416,CVE-2022-2977,10,364,0,True,False
CWE-416,CVE-2019-19769,26,919,6,True,True
CWE-416,CVE-2023-4394,36,1032,3,True,True
CWE-416,CVE-2022-1973,1479,34947,2311,True,True
CWE-416,CVE-2022-0487,21,602,0,True,False
CWE-416,CVE-2014-4654,116,3108,94,True,True
CWE-416,CVE-2023-5345,663,17453,60,True,True
CWE-416,CVE-2023-35828,18,474,0,True,False
CWE-416,CVE-2016-6828,5,155,0,True,False
CWE-416,CVE-2023-4133,11,308,0,True,False
CWE-416,CVE-2023-40283,27,446,11,True,True
CWE-416,CVE-2023-4921,14,402,0,True,False
CWE-416,CVE-2020-0466,162,4269,159,True,True
CWE-416,CVE-2014-9914,23,660,15,True,True
CWE-416,CVE-2022-2585,163,4008,35,True,True
CWE-476,CVE-2023-31083,54,1011,26,True,True
CWE-476,CVE-2017-15116,19,442,0,True,False
CWE-476,CVE-2017-15116,4,88,0,True,False
CWE-476,CVE-2017-15116,6,197,0,True,False
CWE-476,CVE-2017-15116,19,311,16,True,True
CWE-476,CVE-2018-7492,149,3860,159,True,True
CWE-476,CVE-2023-32252,27,679,0,True,False
CWE-476,CVE-2023-32252,23,638,4,True,True
CWE-476,CVE-2023-32252,58,1341,56,True,True
CWE-476,CVE-2023-32252,173,4920,55,True,True
CWE-476,CVE-2023-32252,4,91,0,True,False
CWE-476,CVE-2023-32252,11,278,4,True,True
CWE-476,CVE-2023-0122,93,2351,43,True,True
CWE-476,CVE-2023-28466,228,6002,125,True,True
CWE-476,CVE-2023-28466,29,628,10,True,True
CWE-476,CVE-2023-28466,23,493,9,True,True
CWE-476,CVE-2019-12818,63,1536,62,True,True
CWE-476,CVE-2017-18079,15,361,0,True,False
CWE-476,CVE-2017-18079,8,133,0,True,False
CWE-476,CVE-2017-18079,89,2570,95,True,True
CWE-476,CVE-2019-15923,55,1322,48,True,True
CWE-476,CVE-2019-15923,32,553,17,True,True
CWE-476,CVE-2019-15923,45,1101,48,True,True
CWE-476,CVE-2023-3358,31,901,0,True,False
CWE-476,CVE-2023-3358,28,852,10,True,True
CWE-476,CVE-2017-16646,25,945,6,True,True
CWE-476,CVE-2017-16646,40,1222,0,True,False
CWE-476,CVE-2017-16646,39,1293,0,True,False
CWE-476,CVE-2017-16646,42,1266,0,True,False
CWE-476,CVE-2017-16646,37,1296,0,True,False
CWE-476,CVE-2017-16646,32,1053,0,True,False
CWE-476,CVE-2017-16646,38,1289,0,True,False
CWE-476,CVE-2017-16646,28,995,0,True,False
CWE-476,CVE-2017-16646,35,1199,0,True,False
CWE-476,CVE-2017-16646,33,1103,0,True,False
CWE-476,CVE-2017-16646,23,716,0,True,False
CWE-476,CVE-2020-27675,21,335,0,True,False
CWE-476,CVE-2020-27675,16,345,2,True,True
CWE-476,CVE-2020-27675,26,526,12,True,True
CWE-476,CVE-2020-27675,7,148,0,True,False
CWE-476,CVE-2020-27675,7,145,3,True,True
CWE-476,CVE-2017-12153,45,1250,12,True,True
CWE-476,CVE-2019-19815,24,652,1,True,True
CWE-476,CVE-2019-19815,16,370,0,True,False
CWE-476,CVE-2019-19815,111,2711,80,True,True
CWE-476,CVE-2019-19815,47,1130,32,True,True
CWE-476,CVE-2022-1671,7,182,0,True,False
CWE-476,CVE-2022-1671,7,149,0,True,False
CWE-476,CVE-2022-1671,22,491,6,True,True
CWE-476,CVE-2022-3105,53,1605,27,True,True
CWE-476,CVE-2018-1094,1027,31257,544,True,True
CWE-476,CVE-2022-23222,57,1593,42,True,True
CWE-476,CVE-2022-23222,22,650,7,True,True
CWE-476,CVE-2022-23222,35,797,0,True,False
CWE-476,CVE-2022-23222,44,1099,25,True,True
CWE-476,CVE-2022-23222,135,4366,135,True,True
CWE-476,CVE-2022-23222,118,3976,4,True,True
CWE-476,CVE-2022-23222,47,1524,27,True,True
CWE-476,CVE-2022-23222,294,8742,392,True,True
CWE-476,CVE-2022-23222,131,3888,57,True,True
CWE-476,CVE-2022-23222,34,958,8,True,True
CWE-476,CVE-2022-23222,54,1819,0,True,False
CWE-476,CVE-2022-23222,9,262,0,True,False
CWE-476,CVE-2022-23222,230,7442,278,True,True
CWE-476,CVE-2022-23222,210,6780,277,True,True
CWE-476,CVE-2022-23222,176,4768,111,True,True
CWE-476,CVE-2022-23222,191,6399,227,True,True
CWE-476,CVE-2022-23222,49,1276,0,True,False
CWE-476,CVE-2022-23222,18,376,0,True,False
CWE-476,CVE-2020-27830,28,586,15,True,True
CWE-476,CVE-2020-27830,49,1062,41,True,True
CWE-476,CVE-2023-4459,38,1143,33,True,True
CWE-476,CVE-2020-10711,32,673,30,True,True
CWE-476,CVE-2020-10711,41,920,21,True,True
CWE-476,CVE-2018-14617,99,2525,0,True,False
CWE-476,CVE-2019-18885,159,4799,79,True,True
CWE-476,CVE-2019-18885,30,743,0,True,False
CWE-476,CVE-2019-18885,104,2888,151,True,True
CWE-476,CVE-2019-18885,16,496,11,True,True
CWE-476,CVE-2019-18885,34,1073,32,True,True
CWE-476,CVE-2019-18885,71,1779,88,True,True
CWE-476,CVE-2019-18885,89,2370,70,True,True
CWE-476,CVE-2019-18885,206,6515,0,True,False
CWE-476,CVE-2019-18885,31,916,0,True,False
CWE-476,CVE-2019-18885,44,1040,60,True,True
CWE-476,CVE-2015-8551,33,855,8,True,True
CWE-476,CVE-2015-8970,4,135,0,True,False
CWE-476,CVE-2015-8970,4,117,0,True,False
CWE-476,CVE-2015-8970,38,909,39,True,True
CWE-476,CVE-2015-8970,4,79,0,True,False
CWE-476,CVE-2020-11609,12,384,3,True,True
CWE-476,CVE-2020-11609,23,730,26,True,True
CWE-476,CVE-2020-11609,52,1797,19,True,True
CWE-476,CVE-2017-2647,34,838,0,True,False
CWE-476,CVE-2017-2647,31,731,18,True,True
CWE-476,CVE-2017-2647,5,148,0,True,False
CWE-476,CVE-2017-2647,138,3722,148,True,True
CWE-476,CVE-2017-2647,67,1680,0,True,False
CWE-476,CVE-2014-7826,47,1252,55,True,True
CWE-476,CVE-2014-7826,38,1062,45,True,True
CWE-476,CVE-2014-7826,36,930,38,True,True
CWE-476,CVE-2018-8043,64,1574,63,True,True
CWE-476,CVE-2022-3110,25,843,21,True,True
CWE-476,CVE-2022-3110,167,4530,98,True,True
CWE-476,CVE-2018-1092,255,8153,0,True,False
CWE-476,CVE-2019-15223,86,2244,41,True,True
CWE-476,CVE-2019-15223,49,1200,21,True,True
CWE-476,CVE-2019-15223,28,681,0,True,False
CWE-476,CVE-2019-15223,10,260,0,True,False
CWE-476,CVE-2022-47929,87,2105,67,True,True
CWE-476,CVE-2019-12984,23,515,17,True,True
CWE-476,CVE-2019-12381,54,1361,41,True,True
CWE-476,CVE-2019-15924,13,331,1,True,True
CWE-476,CVE-2020-11668,14,370,8,True,True
CWE-476,CVE-2020-11668,23,498,11,True,True
CWE-476,CVE-2020-11668,33,773,30,True,True
CWE-476,CVE-2023-0458,60,1725,20,True,True
CWE-476,CVE-2015-7515,215,7180,174,True,True
CWE-476,CVE-2023-2177,235,7428,0,True,False
CWE-476,CVE-2023-2177,46,1022,18,True,True
CWE-476,CVE-2022-1852,174,5051,58,True,True
CWE-476,CVE-2022-1852,24,647,6,True,True
CWE-476,CVE-2020-15437,62,1566,52,True,True
CWE-476,CVE-2020-12364,16,532,3,True,True
CWE-476,CVE-2020-12364,17,311,6,True,True
CWE-476,CVE-2020-12364,60,2192,23,True,True
CWE-476,CVE-2020-12364,124,3958,72,True,True
CWE-476,CVE-2020-12364,79,2395,66,True,True
CWE-476,CVE-2018-1130,63,1536,46,True,True
CWE-476,CVE-2021-3739,148,4198,110,True,True
CWE-476,CVE-2022-1205,29,696,0,True,False
CWE-476,CVE-2022-1205,45,1127,19,True,True
CWE-476,CVE-2019-15218,102,2630,93,True,True
CWE-476,CVE-2019-15219,140,3323,133,True,True
CWE-476,CVE-2022-3202,39,900,0,True,False
CWE-476,CVE-2016-10147,13,336,5,True,True
CWE-476,CVE-2016-10147,65,1765,104,True,True
CWE-476,CVE-2023-3106,9,245,0,True,False
CWE-476,CVE-2023-3106,44,1061,19,True,True
CWE-476,CVE-2021-4095,45,1075,15,True,True
CWE-476,CVE-2021-4095,45,1372,23,True,True
CWE-476,CVE-2018-5333,93,2727,56,True,True
CWE-476,CVE-2017-16647,10,225,0,True,False
CWE-476,CVE-2017-16647,10,260,0,True,False
CWE-476,CVE-2019-20054,15,292,0,True,False
CWE-476,CVE-2023-3212,52,1457,10,True,True
CWE-476,CVE-2017-18216,41,1164,18,True,True
CWE-476,CVE-2017-18216,6,255,0,True,False
CWE-476,CVE-2017-18216,49,1446,15,True,True
CWE-476,CVE-2017-7374,45,1309,22,True,True
CWE-476,CVE-2017-7374,12,331,0,True,False
CWE-476,CVE-2017-7374,56,1427,53,True,True
CWE-476,CVE-2017-7374,66,1694,28,True,True
CWE-476,CVE-2022-3104,29,886,28,True,True
CWE-476,CVE-2021-3543,42,877,27,True,True
CWE-476,CVE-2023-22997,59,1211,55,True,True
CWE-476,CVE-2023-22997,53,1114,23,True,True
CWE-476,CVE-2015-8787,49,1299,29,True,True
CWE-476,CVE-2023-23001,10,284,0,True,False
CWE-476,CVE-2018-14616,9,222,2,True,True
CWE-476,CVE-2018-14616,114,3693,118,True,True
CWE-476,CVE-2018-14616,33,896,0,True,False
CWE-476,CVE-2018-19406,52,1292,59,True,True
CWE-476,CVE-2019-9213,74,2168,51,True,True
CWE-476,CVE-2014-2678,32,833,20,True,True
CWE-476,CVE-2017-9211,26,766,0,True,False
CWE-476,CVE-2019-15291,56,1325,53,True,True
CWE-476,CVE-2019-12378,39,847,33,True,True
CWE-476,CVE-2019-19227,10,349,2,True,True
CWE-476,CVE-2019-19227,47,885,19,True,True
CWE-476,CVE-2017-12192,50,1120,44,True,True
CWE-476,CVE-2020-25285,23,566,12,True,True
CWE-476,CVE-2020-25285,29,610,9,True,True
CWE-476,CVE-2023-28327,39,867,33,True,True
CWE-476,CVE-2017-12193,330,11215,523,True,True
CWE-476,CVE-2023-1382,26,579,14,True,True
CWE-476,CVE-2023-1382,39,967,36,True,True
CWE-476,CVE-2023-22999,145,3500,140,True,True
CWE-476,CVE-2018-1066,32,1089,10,True,True
CWE-476,CVE-2018-1066,37,949,5,True,True
CWE-476,CVE-2018-1066,116,3787,166,True,True
CWE-476,CVE-2022-42722,241,7496,145,True,True
CWE-476,CVE-2022-3078,60,1188,0,True,False
CWE-476,CVE-2022-1789,30,752,14,True,True
CWE-476,CVE-2023-1095,14,304,0,True,False
CWE-476,CVE-2017-2634,23,594,14,True,True
CWE-476,CVE-2018-14614,83,2101,111,True,True
CWE-476,CVE-2018-14614,77,2529,66,True,True
CWE-476,CVE-2022-3106,20,619,0,True,False
CWE-476,CVE-2019-10207,30,448,17,True,True
CWE-476,CVE-2019-10207,19,289,11,True,True
CWE-476,CVE-2019-10207,89,2286,101,True,True
CWE-476,CVE-2019-10207,64,1189,30,True,True
CWE-476,CVE-2019-15216,25,642,15,True,True
CWE-476,CVE-2022-3111,15,756,0,True,False
CWE-476,CVE-2022-0168,224,6359,210,True,True
CWE-476,CVE-2020-14356,37,776,10,True,True
CWE-476,CVE-2020-14356,123,3509,0,True,False
CWE-476,CVE-2020-14356,7,143,0,True,False
CWE-476,CVE-2020-14356,19,516,0,True,False
CWE-476,CVE-2023-32248,229,7378,219,True,True
CWE-476,CVE-2019-16231,80,2029,99,True,True
CWE-476,CVE-2019-12881,67,1966,38,True,True
CWE-476,CVE-2019-12614,23,545,0,True,False
CWE-476,CVE-2019-15217,16,525,0,True,False
CWE-476,CVE-2017-16914,132,3375,149,True,True
CWE-476,CVE-2021-3659,48,1132,0,True,False
CWE-476,CVE-2023-2166,14,405,0,True,False
CWE-476,CVE-2023-2166,14,405,0,True,False
CWE-476,CVE-2023-2166,14,396,0,True,False
CWE-476,CVE-2023-2898,17,387,0,True,False
CWE-476,CVE-2017-16537,89,2170,84,True,True
CWE-476,CVE-2016-8646,33,695,29,True,True
CWE-476,CVE-2021-30178,11,267,0,True,False
CWE-476,CVE-2022-25258,423,11326,417,True,True
CWE-476,CVE-2019-15221,61,1567,70,True,True
CWE-476,CVE-2019-19037,71,1964,127,True,True
CWE-476,CVE-2016-9313,4,86,0,True,False
CWE-476,CVE-2022-4127,34,711,29,True,True
CWE-476,CVE-2023-4385,69,1701,50,True,True
CWE-476,CVE-2022-4128,39,990,0,True,False
CWE-476,CVE-2022-3112,77,2424,39,True,True
CWE-476,CVE-2022-3112,16,463,12,True,True
CWE-476,CVE-2022-1263,15,433,0,True,False
CWE-476,CVE-2016-3070,69,1855,3,True,True
CWE-476,CVE-2016-3070,99,2873,17,True,True
CWE-476,CVE-2019-19965,108,3010,102,True,True
CWE-476,CVE-2019-19036,47,1487,8,True,True
CWE-476,CVE-2017-15274,80,1751,0,True,False
CWE-476,CVE-2021-44879,151,3513,163,True,True
CWE-476,CVE-2023-1583,19,427,9,True,True
CWE-476,CVE-2023-1583,28,688,10,True,True
CWE-476,CVE-2023-3359,31,607,26,True,True
CWE-476,CVE-2019-16234,182,5021,0,True,False
CWE-476,CVE-2018-1000200,30,761,2,True,True
CWE-476,CVE-2023-23005,42,1148,10,True,True
CWE-476,CVE-2017-13686,123,2863,189,True,True
CWE-476,CVE-2022-1516,15,308,0,True,False
CWE-476,CVE-2017-15306,166,3643,92,True,True
CWE-476,CVE-2019-15099,17,496,0,True,False
CWE-476,CVE-2019-15099,12,321,0,True,False
CWE-476,CVE-2023-23004,39,674,49,True,True
CWE-476,CVE-2017-15299,146,3870,170,True,True
CWE-476,CVE-2018-14609,25,704,14,True,True
CWE-476,CVE-2021-38206,205,6093,127,True,True
CWE-476,CVE-2019-16229,28,631,3,True,True
CWE-476,CVE-2019-11810,59,1349,36,True,True
CWE-476,CVE-2023-6176,111,2658,112,True,True
CWE-476,CVE-2017-18241,66,1893,60,True,True
CWE-476,CVE-2023-6679,23,617,11,True,True
CWE-476,CVE-2018-13094,88,2286,129,True,True
CWE-476,CVE-2023-46862,159,5235,141,True,True
CWE-476,CVE-2017-5970,26,993,1,True,True
CWE-476,CVE-2022-3114,28,750,26,True,True
CWE-476,CVE-2023-23006,56,1329,18,True,True
CWE-476,CVE-2023-28328,91,2108,226,True,True
CWE-476,CVE-2019-15222,12,340,3,True,True
CWE-476,CVE-2018-7191,18,378,0,True,False
CWE-476,CVE-2022-3113,31,695,0,True,False
CWE-476,CVE-2019-15922,17,351,14,True,True
CWE-476,CVE-2019-15922,52,1230,30,True,True
CWE-476,CVE-2023-23000,22,480,0,True,False
CWE-476,CVE-2023-3355,62,1504,54,True,True
CWE-476,CVE-2020-35499,75,1426,34,True,True
CWE-476,CVE-2017-8106,66,1610,11,True,True
CWE-476,CVE-2017-8106,124,4868,35,True,True
CWE-476,CVE-2019-12382,50,1178,0,True,False
CWE-476,CVE-2018-10322,126,3139,24,True,True
CWE-476,CVE-2023-5972,36,743,15,True,True
CWE-476,CVE-2018-10074,34,936,17,True,True
CWE-476,CVE-2020-36558,696,14655,457,True,True
CWE-476,CVE-2021-38200,17,417,6,True,True
CWE-476,CVE-2023-23002,120,3379,128,True,True
CWE-476,CVE-2022-0617,72,2102,45,True,True
CWE-476,CVE-2018-14646,92,2319,102,True,True
CWE-476,CVE-2016-6327,52,1461,44,True,True
CWE-476,CVE-2023-0394,78,1529,86,True,True
CWE-476,CVE-2022-3115,10,251,0,True,False
CWE-476,CVE-2018-1065,135,3783,166,True,True
CWE-476,CVE-2017-15102,131,3895,109,True,True
CWE-476,CVE-2019-12615,26,686,13,True,True
CWE-787,CVE-2017-18552,23,522,4,True,True
CWE-787,CVE-2021-42008,19,448,7,True,True
CWE-787,CVE-2018-13095,160,4003,46,True,True
CWE-787,CVE-2020-9391,101,2319,0,True,False
CWE-787,CVE-2020-9391,50,1354,63,True,True
CWE-787,CVE-2020-9391,139,3333,0,True,False
CWE-787,CVE-2019-19816,605,17240,691,True,True
CWE-787,CVE-2019-19816,48,1242,0,True,False
CWE-787,CVE-2019-19816,222,5826,0,True,False
CWE-787,CVE-2019-19532,186,6076,193,True,True
CWE-787,CVE-2019-19532,41,1071,33,True,True
CWE-787,CVE-2019-19532,22,628,0,True,False
CWE-787,CVE-2019-19532,53,1444,34,True,True
CWE-787,CVE-2019-19532,34,914,17,True,True
CWE-787,CVE-2019-19532,58,1526,40,True,True
CWE-787,CVE-2019-19532,117,3476,108,True,True
CWE-787,CVE-2019-19532,26,771,6,True,True
CWE-787,CVE-2021-39685,200,5301,99,True,True
CWE-787,CVE-2021-39685,58,1442,41,True,True
CWE-787,CVE-2021-39685,411,11020,413,True,True
CWE-787,CVE-2017-1000251,51,1420,0,True,False
CWE-787,CVE-2017-1000251,28,731,8,True,True
CWE-787,CVE-2017-1000251,72,1493,55,True,True
CWE-787,CVE-2017-1000251,111,2549,108,True,True
CWE-787,CVE-2017-1000251,134,3797,0,True,False
CWE-787,CVE-2017-1000251,76,1937,0,True,False
CWE-787,CVE-2021-27365,22,499,6,True,True
CWE-787,CVE-2021-27365,40,851,30,True,True
CWE-787,CVE-2021-27365,23,570,9,True,True
CWE-787,CVE-2021-27365,10,307,0,True,False
CWE-787,CVE-2021-27365,26,697,18,True,True
CWE-787,CVE-2021-27365,97,2839,56,True,True
CWE-787,CVE-2021-27365,6,213,0,True,False
CWE-787,CVE-2018-10880,59,1622,97,True,True
CWE-787,CVE-2018-12714,165,3317,0,True,False
CWE-787,CVE-2020-25212,45,1181,62,True,True
CWE-787,CVE-2018-9518,36,727,0,True,False
CWE-787,CVE-2022-20369,34,1029,15,True,True
CWE-787,CVE-2022-20369,23,581,16,True,True
CWE-787,CVE-2022-20369,9,279,3,True,True
CWE-787,CVE-2020-0465,671,22490,75,True,True
CWE-787,CVE-2020-0465,7,223,0,True,False
CWE-787,CVE-2020-0465,187,5118,28,True,True
CWE-787,CVE-2019-9456,27,740,16,True,True
CWE-787,CVE-2019-9456,36,1041,27,True,True
CWE-787,CVE-2022-4378,72,1495,93,True,True
CWE-787,CVE-2022-4378,56,1027,27,True,True
CWE-787,CVE-2021-33656,64,1410,10,True,True
CWE-787,CVE-2021-33656,80,1430,0,True,False
CWE-787,CVE-2021-33656,62,1333,26,True,True
CWE-787,CVE-2021-33655,64,2001,82,True,True
CWE-787,CVE-2020-14390,202,5786,115,True,True
CWE-787,CVE-2020-14390,19,511,21,True,True
CWE-787,CVE-2020-14390,6,124,0,True,False
CWE-787,CVE-2020-14390,109,2763,0,True,False
CWE-787,CVE-2020-14390,53,1096,40,True,True
CWE-787,CVE-2020-14390,50,1368,28,True,True
CWE-787,CVE-2020-14390,33,902,21,True,True
CWE-787,CVE-2020-14390,39,1005,52,True,True
CWE-787,CVE-2020-14390,90,1944,125,True,True
CWE-787,CVE-2020-14390,30,735,14,True,True
CWE-787,CVE-2020-14390,138,3398,110,True,True
CWE-787,CVE-2020-14390,16,440,0,True,False
CWE-787,CVE-2020-14390,67,1717,93,True,True
CWE-787,CVE-2020-14390,152,4124,131,True,True
CWE-787,CVE-2022-47942,807,21739,873,True,True
CWE-787,CVE-2022-47942,158,4076,188,True,True
CWE-787,CVE-2022-47942,32,904,33,True,True
CWE-787,CVE-2022-47942,74,2076,79,True,True
CWE-787,CVE-2022-47942,69,1717,42,True,True
CWE-787,CVE-2022-48423,103,2060,0,True,False
CWE-787,CVE-2018-5703,8,127,0,True,False
CWE-787,CVE-2018-5703,31,770,19,True,True
CWE-787,CVE-2018-5703,4,120,0,True,False
CWE-787,CVE-2021-33909,4,94,0,True,False
CWE-787,CVE-2023-2124,114,3842,26,True,True
CWE-787,CVE-2023-4273,30,793,10,True,True
CWE-787,CVE-2023-4273,206,4621,214,True,True
CWE-787,CVE-2020-12659,91,2188,60,True,True
CWE-787,CVE-2022-2991,93,2383,92,True,True
CWE-787,CVE-2022-2991,12,243,0,True,False
CWE-787,CVE-2020-14305,14,354,0,True,False
CWE-787,CVE-2020-14305,35,978,14,True,True
CWE-787,CVE-2020-14305,39,1201,12,True,True
CWE-787,CVE-2020-14305,37,969,14,True,True
CWE-787,CVE-2020-14305,25,643,8,True,True
CWE-787,CVE-2020-14305,41,933,11,True,True
CWE-787,CVE-2012-3400,167,5234,141,True,True
CWE-787,CVE-2022-21499,171,4435,64,True,True
CWE-787,CVE-2023-2598,82,1900,131,True,True
CWE-787,CVE-2023-0210,68,2120,57,True,True
CWE-787,CVE-2018-10882,1031,31355,550,True,True
CWE-787,CVE-2018-10882,136,3647,170,True,True
CWE-787,CVE-2017-13166,100,3677,89,True,True
CWE-787,CVE-2017-13166,89,3415,87,True,True
CWE-787,CVE-2017-13166,94,3474,92,True,True
CWE-787,CVE-2019-13631,335,7408,188,True,True
CWE-787,CVE-2023-1073,49,1321,0,True,False
CWE-787,CVE-2017-18551,173,4491,70,True,True
CWE-787,CVE-2020-10742,124,3570,161,True,True
CWE-787,CVE-2020-10742,92,2078,87,True,True
CWE-787,CVE-2020-10742,64,1462,66,True,True
CWE-787,CVE-2023-34319,121,3370,125,True,True
CWE-787,CVE-2017-17806,67,1601,106,True,True
CWE-787,CVE-2017-17806,5,115,0,True,False
CWE-787,CVE-2019-19332,385,10703,117,True,True
CWE-787,CVE-2023-5717,31,954,17,True,True
CWE-787,CVE-2023-5717,50,1380,25,True,True
CWE-787,CVE-2018-14610,53,1248,45,True,True
CWE-787,CVE-2022-36280,85,2244,54,True,True
CWE-787,CVE-2019-20636,39,873,3,True,True
CWE-787,CVE-2019-20636,59,1209,25,True,True
CWE-787,CVE-2023-45863,16,472,19,True,True
CWE-787,CVE-2023-45863,15,267,0,True,False
CWE-787,CVE-2021-31916,63,1566,61,True,True
CWE-787,CVE-2018-5332,32,783,17,True,True
CWE-787,CVE-2018-16880,24,574,18,True,True
CWE-787,CVE-2018-16880,40,1092,44,True,True
CWE-787,CVE-2018-16880,43,1146,54,True,True
CWE-787,CVE-2018-16880,63,1576,108,True,True
CWE-787,CVE-2022-1943,98,2961,108,True,True
CWE-787,CVE-2022-3028,28,745,4,True,True
CWE-787,CVE-2020-0432,25,622,11,True,True
CWE-787,CVE-2020-0432,50,1235,32,True,True
CWE-787,CVE-2021-0935,123,2847,37,True,True
CWE-787,CVE-2017-1000363,29,746,11,True,True
CWE-787,CVE-2019-9162,7,170,0,True,False
CWE-787,CVE-2019-9162,17,414,0,True,False
CWE-787,CVE-2022-0435,144,4338,132,True,True
CWE-787,CVE-2022-0435,83,2341,82,True,True
CWE-787,CVE-2017-13216,48,1057,29,True,True
CWE-787,CVE-2023-35001,61,1393,74,True,True
CWE-787,CVE-2019-2214,711,22631,991,True,True
CWE-787,CVE-2021-3489,42,1123,0,True,False
CWE-787,CVE-2017-7308,153,3583,96,True,True
CWE-787,CVE-2023-35788,84,2525,66,True,True
CWE-787,CVE-2021-38166,215,5392,239,True,True
CWE-787,CVE-2020-0429,13,347,0,True,False
CWE-787,CVE-2021-3490,35,1183,8,True,True
CWE-787,CVE-2021-3490,34,1158,8,True,True
CWE-787,CVE-2021-3490,29,977,7,True,True
CWE-787,CVE-2023-31436,128,3027,112,True,True
CWE-787,CVE-2019-11683,47,1248,0,True,False
CWE-787,CVE-2021-22555,91,2160,98,True,True
CWE-787,CVE-2021-22555,91,2167,98,True,True
CWE-787,CVE-2021-0512,81,2633,86,True,True
CWE-787,CVE-2018-11506,71,1726,38,True,True
CWE-787,CVE-2020-14331,28,773,6,True,True
CWE-787,CVE-2020-0066,85,1869,76,True,True
CWE-787,CVE-2020-25285,29,610,9,True,True
CWE-787,CVE-2020-25285,23,566,12,True,True
CWE-787,CVE-2019-8956,97,2198,125,True,True
CWE-787,CVE-2020-12653,36,1034,28,True,True
CWE-787,CVE-2023-3611,17,469,8,True,True
CWE-787,CVE-2022-3577,88,2099,96,True,True
CWE-787,CVE-2023-2194,32,918,12,True,True
CWE-787,CVE-2017-0750,49,1446,4,True,True
CWE-787,CVE-2018-1068,58,1371,80,True,True
CWE-787,CVE-2017-7294,191,5098,219,True,True
CWE-787,CVE-2019-14821,28,839,0,True,False
CWE-787,CVE-2023-6931,20,652,0,True,False
CWE-787,CVE-2023-6931,6,200,0,True,False
CWE-787,CVE-2022-1015,16,364,9,True,True
CWE-787,CVE-2022-1015,13,230,9,True,True
CWE-787,CVE-2022-0995,78,1942,85,True,True
CWE-787,CVE-2022-41674,88,2633,131,True,True
CWE-787,CVE-2021-4090,22,460,13,True,True
CWE-787,CVE-2018-10881,59,1426,48,True,True
CWE-787,CVE-2021-43975,50,1016,16,True,True
CWE-787,CVE-2017-1000111,220,4225,26,True,True
CWE-787,CVE-2021-42739,18,397,18,True,True
CWE-787,CVE-2021-42739,135,4105,143,True,True
CWE-787,CVE-2023-28410,51,1036,32,True,True
CWE-787,CVE-2020-8835,109,2964,75,True,True
CWE-787,CVE-2018-10878,59,1868,48,True,True
CWE-787,CVE-2016-9755,20,455,2,True,True
CWE-787,CVE-2019-19319,14,435,0,True,False
CWE-787,CVE-2020-12654,82,2412,72,True,True
CWE-787,CVE-2021-3612,30,587,32,True,True
CWE-787,CVE-2021-28660,129,3405,93,True,True
CWE-787,CVE-2019-9500,46,1392,17,True,True
CWE-787,CVE-2018-16276,34,738,32,True,True
CWE-787,CVE-2020-10942,31,545,0,True,False
CWE-787,CVE-2021-4093,8,212,0,True,False
CWE-787,CVE-2023-21255,84,2270,51,True,True
CWE-787,CVE-2018-9385,32,681,18,True,True
CWE-787,CVE-2020-11565,116,2287,66,True,True
